object_id,global_id,row_id,parent_row_id,camp_name,num_employee,employ_others,yes_employ_others,avg_customers,business_type,market_condition,market_security,materials_buy,materials_buy_refined_cxc9401,materials_buy_refined_newNames,materials_buy_x,materials_buy_y,market_depth,market_depth_other,cash_food_local,no_travel_needs,outside_job,outside_job_yes_where,outside_job_yes_where_x,outside_job_yes_where_y,outside_job_yes_what,outside_job_yes_what_other,paid_locals_same,competition,income_compare,business_start,sell_food_assistance,sell_food_assistance_yes,customer_locations,customer_locations_camp,customer_locations_camp_change,customer_locations_camp_change_why,entrepreneurship_training,training_grow,training_grow_other,finances_care,finances_care_other,business_leave_camp,business_leave_camp_when,business_five_years,leave_camp_support_business,id_problem_fequency,informal_banking_services,key_good_demand_change,Business_Final_21_Feb_creation_date,Business_Final_21_Feb_creator,Business_Final_21_Feb_edit_date,Business_Final_21_Feb_editor,x,y,ObjectID,GlobalID,household_money_supply,household_money_supply_other,household_money_supply_other_traders,goods_repeat_final_21_Feb_creation_date,goods_repeat_final_21_Feb_creator,goods_repeat_final_21_Feb_edit_date,goods_repeat_final_21_Feb_editor
4,e35c6078-594f-463a-b77b-1cb40fe2cfc2,08aeaeec-01f0-4678-adca-26d7c4ea3afe,08aeaeec-01f0-4678-adca-26d7c4ea3afe,mugombwa,2,noemploy,,40,"general,clothing",poor,good,muhanga kigali,"Muhanga,Kigali","Muhanga,Kigali","29.75,30.059444","-2.083333,-1.943889",formal,,yes,,no,,,,,,,five,remain,3/31/2014,no,,aroundcamp,quarter 1,no,,no,financing,,other,sacco,no,Never,more products,daily,monthly,saco,yes,1/12/2017,bmtski@rit.edu_RITArcGIS,1/12/2017,bmtski@rit.edu_RITArcGIS,29.85486,-2.69662,4,235feb4d-4d77-4017-92af-1494154c6eab,beans,,for few/not enough money,1/12/2017,bmtski@rit.edu_RITArcGIS,1/12/2017,bmtski@rit.edu_RITArcGIS
5,0b3b35ca-6753-47e8-9209-77872f864a95,6acf3b19-183f-4cfa-adee-7d2c41281457,6acf3b19-183f-4cfa-adee-7d2c41281457,mugombwa,2,yesfamily,2,50,general,poor,good,butare/huye,Huye,Huye,29.75,-2.6,house,,no,"depends on capital, 5million rwf ã€‹ kigali, bus to huye",no,,,,,,,two,increased,########,yes,50,aroundcamp,whole camp,no,,no,financing,,"mobilemoney,other",tigo cash,yes,,more products,daily,daily,mobile,yes,1/12/2017,bmtski@rit.edu_RITArcGIS,1/12/2017,bmtski@rit.edu_RITArcGIS,29.85486,-2.69662,5,03156175-783a-4731-8334-e81ff5d29b83,airtime,,airtime helps to call,1/12/2017,bmtski@rit.edu_RITArcGIS,1/12/2017,bmtski@rit.edu_RITArcGIS
6,332a5fe5-85c1-48a0-9791-f25d2919ed62,b2f6fff3-84c6-4cc4-bd63-13b76680d97a,b2f6fff3-84c6-4cc4-bd63-13b76680d97a,mugombwa,1,noemploy,,30,restaurant,poor,good,locally,Locally,InTheCamp,29.85486,-2.69662,house,,yes,,no,,,,,,,four,increased,8/19/2016,no,,aroundcamp,whole of the camp,yes,not enough capital,no,training,,other,cooperatives,no,,more products,daily,weekly,mobile,yes,1/13/2017,bmtski@rit.edu_RITArcGIS,1/13/2017,bmtski@rit.edu_RITArcGIS,29.85486,-2.69662,6,f30879b0-fe54-4952-b14e-4558eac11b9d,firewood,,not enough capital,1/13/2017,bmtski@rit.edu_RITArcGIS,1/13/2017,bmtski@rit.edu_RITArcGIS
7,728b75f3-4098-44fa-ab18-02e2cc476557,bae05ea7-a8cc-409c-8999-db53d531d6ea,bae05ea7-a8cc-409c-8999-db53d531d6ea,mugombwa,1,noemploy,,100,business,poor,good,kigali,Kigali,Kigali,30.059444,-1.943889,house,,yes,,no,,,,,,,two,increased,1/12/2017,no,,aroundcamp,whole of the camp,yes,more customers,no,financing,,other,at the bank,no,,more products,daily,monthly,"saco,mobile",yes,1/13/2017,bmtski@rit.edu_RITArcGIS,1/13/2017,bmtski@rit.edu_RITArcGIS,29.74182,-2.60171,7,18d09815-216b-419c-9b9a-867b73a00a93,other,never,,1/13/2017,bmtski@rit.edu_RITArcGIS,1/13/2017,bmtski@rit.edu_RITArcGIS
8,3ab1529a-b3df-468e-b548-72bb89a9cb3f,48b14163-8113-4782-a191-f23c55840211,48b14163-8113-4782-a191-f23c55840211,mugombwa,1,yesfamily,2,4,craft,poor,good,butare and kigali,"Huye,Kigali","Huye,Kigali","29.75,30.059444","-2.6,-1.943889",house,,yes,,no,,,,,,,two,unsure,1/12/2017,no,,aroundcamp,whole of the camp,yes,few of money,yes,financing,,mobilemoney,,no,,more knowledge and income,daily,monthly,saco,yes,1/13/2017,bmtski@rit.edu_RITArcGIS,1/13/2017,bmtski@rit.edu_RITArcGIS,29.85486,-2.69662,8,2d8bbcd4-ffb8-455b-a0f3-65c981ce4fd4,other,never,,1/13/2017,bmtski@rit.edu_RITArcGIS,1/13/2017,bmtski@rit.edu_RITArcGIS
9,2d3d6355-b9ab-46f4-bb0a-550269a99143,00a13581-d3dd-4469-8e41-49c89c55bf5b,00a13581-d3dd-4469-8e41-49c89c55bf5b,mugombwa,2,noemploy,,80,other,poor,good,butare (huye) town,Huye,Huye,29.75,-2.6,house,,yes,,no,,,,,,,five,increased,########,no,,aroundcamp,whole the camp,yes,unsafficience of materials,no,training,,other,sacco,no,,more income,daily,monthly,saco,yes,1/13/2017,bmtski@rit.edu_RITArcGIS,1/13/2017,bmtski@rit.edu_RITArcGIS,29.85486,-2.69662,9,93e40f18-c997-42e9-9d47-970171ad08e3,other,it is salon,not enough capital,1/13/2017,bmtski@rit.edu_RITArcGIS,1/13/2017,bmtski@rit.edu_RITArcGIS
10,506d8a7f-cdea-4b4e-951e-b5db67b7cc12,b999b532-c6ee-4ad6-9588-a3a15b809700,b999b532-c6ee-4ad6-9588-a3a15b809700,mugombwa,1,yeshost,1,5,general,poor,good,kigali,Kigali,Kigali,30.059444,-1.943889,daily,,no,kigali,no,,,,,,,zero,remain,########,no,,aroundcamp,whole the camp,yes,more customers,no,financing,,other,population bank,yes,,more products,daily,daily,saco,yes,1/13/2017,bmtski@rit.edu_RITArcGIS,1/13/2017,bmtski@rit.edu_RITArcGIS,29.85486,-2.69662,10,476b6a65-7ee0-4942-a9fc-c5f213024102,beans,,unsafficience of capital,1/13/2017,bmtski@rit.edu_RITArcGIS,1/13/2017,bmtski@rit.edu_RITArcGIS
11,bef5c418-e2ac-42e7-be50-e39bb4c06a73,7945f20e-aca3-4fcb-b96e-4b18a8fcd798,7945f20e-aca3-4fcb-b96e-4b18a8fcd798,mugombwa,1,noemploy,,20,general,poor,good,huye town,Huye,Huye,29.75,-2.6,house,,yes,,no,,,,,,,four,increased,4/1/2014,yes,3,aroundcamp,in the camp,yes,more customers,no,financing,,other,sacco(saving and credit cooperatives),no,,more products,daily,monthly,saco,yes,1/13/2017,bmtski@rit.edu_RITArcGIS,1/13/2017,bmtski@rit.edu_RITArcGIS,29.85486,-2.69662,11,6df08834-ef31-4f9c-8b23-fcb31648bdb9,firewood,,insufficient capital,1/13/2017,bmtski@rit.edu_RITArcGIS,1/13/2017,bmtski@rit.edu_RITArcGIS
12,3624d6e7-265f-422e-8e22-5133fa175350,9c7d258c-fa65-4723-ba60-0a76c7d70334,9c7d258c-fa65-4723-ba60-0a76c7d70334,mugombwa,5,yesother,4,60,"restaurant,other",good,good,Huye,Huye,Huye,29.75,-2.6,house,,yes,,yes,Bisha,29.8592,-2.6629,other,Sells more.,less,one,increased,4/19/2016,no,,aroundcamp,In this camp,yes,More customers,no,financing,,remittances,,yes,,More product,daily,frequent,saco,yes,1/13/2017,cxc9401@rit.edu_RITArcGIS,1/13/2017,cxc9401@rit.edu_RITArcGIS,29.84931,-2.6758,12,9c20e647-3c8e-4292-a42c-e305601110a7,airtime,,Because he is an old man.,1/13/2017,cxc9401@rit.edu_RITArcGIS,1/13/2017,cxc9401@rit.edu_RITArcGIS
13,b84998cf-8b95-405f-aa34-6b998b0a62e7,1f3e4568-cbca-41f9-868b-70a16bcdc6fc,1f3e4568-cbca-41f9-868b-70a16bcdc6fc,mugombwa,4,yesother,3,20,"clothing,other",good,good,Huye Town,Huye,Huye,29.75,-2.6,house,,yes,,no,,,,,,,zero,increased,9/24/2016,no,,aroundcamp,In the camp.,yes,Get more customers.,yes,training,,mobilemoney,,yes,,Get more products and materials.,weekly,frequent,mobile,yes,1/13/2017,cxc9401@rit.edu_RITArcGIS,1/13/2017,cxc9401@rit.edu_RITArcGIS,29.85121,-2.67453,13,b50a0c3d-e5db-4270-8113-e64b6639c7cf,firewood,,Because the have more firewood than demand. And because they get it for free.,1/13/2017,cxc9401@rit.edu_RITArcGIS,1/13/2017,cxc9401@rit.edu_RITArcGIS
14,8873ee59-0c6a-4a50-98e1-ed9714c9a5e3,e02ad253-6498-4244-b55f-1ba04a22e1b7,e02ad253-6498-4244-b55f-1ba04a22e1b7,mugombwa,1,noemploy,,1,"clothing,other",good,good,Kigali,Kigali,Kigali,30.059444,-1.943889,"house,daily",,no,Out of the camp,yes,Bisha,29.8592,-2.6629,other,To gain more capital,less,five,increased,8/19/2015,no,,districtonly,,yes,He gained more money and more customers.,no,financing,,other,He immediately spends all his money on other materials.,yes,,It will be good,weekly,frequent,nobank,yes,1/13/2017,cxc9401@rit.edu_RITArcGIS,1/13/2017,cxc9401@rit.edu_RITArcGIS,29.85115,-2.67471,14,78a90772-410d-4532-bdb4-6fb21a555083,firewood,,Because every month are given firewood.,1/13/2017,cxc9401@rit.edu_RITArcGIS,1/13/2017,cxc9401@rit.edu_RITArcGIS
15,43aa30e9-e8e9-44c9-bf59-3f18b689848c,9c2b714a-2356-4853-98e5-c9196cf11430,9c2b714a-2356-4853-98e5-c9196cf11430,mugombwa,1,noemploy,,10,grocery,good,good,Out of camp.,outofcamp,OutOfCamp,,,house,,yes,,yes,Bishya,29.8592,-2.6629,other,Odd jobs,less,five,notapplicable,1/4/2017,no,,aroundcamp,This camp,no,,no,financing,,underbed,,yes,,More products.,daily,frequent,nobank,yes,1/13/2017,cxc9401@rit.edu_RITArcGIS,1/13/2017,cxc9401@rit.edu_RITArcGIS,29.85128,-2.67487,15,048af58c-1123-4ad7-b01e-77162c8b50ef,firewood,,"In this camp, they taje firewood. You cant make a business from firewood because you can take it for free.",1/13/2017,cxc9401@rit.edu_RITArcGIS,1/13/2017,cxc9401@rit.edu_RITArcGIS
16,a24dddea-576e-464a-9296-7d8d2fea9881,2dc4db0f-8a32-4cfc-9e44-8fd37d0613b3,2dc4db0f-8a32-4cfc-9e44-8fd37d0613b3,mugombwa,14,yesother,14,30,grocery,good,good,Out of camp,outofcamp,OutOfCamp,,,daily,,yes,,yes,In Huye,29.7,-2.516667,other,Sells goods,less,five,increased,3/14/2015,yes,3,aroundcamp,In the camp,yes,More products.,no,financing,,mobilemoney,,yes,,The business will grow.,daily,frequent,mobile,yes,1/13/2017,cxc9401@rit.edu_RITArcGIS,1/13/2017,cxc9401@rit.edu_RITArcGIS,29.84976,-2.67497,16,c38f7bea-64f5-4796-93c5-d80be1c5178f,firewood,,Insufficient capital.,1/13/2017,cxc9401@rit.edu_RITArcGIS,1/13/2017,cxc9401@rit.edu_RITArcGIS
17,42fd2f9c-926c-4f63-b8ca-7040d2f26169,35088e35-eb03-4c56-a8e1-8b3e40f191f9,35088e35-eb03-4c56-a8e1-8b3e40f191f9,mugombwa,1,noemploy,,5,"grocery,clothing",good,good,Huye town,Huye,Huye,29.75,-2.6,"daily,house",,no,Another Sector,no,,,,,,,five,increased,########,yes,10,aroundcamp,This Camp,yes,More products have increased.,no,financing,,underbed,,no,,Be more productive.,daily,monthly,nobank,yes,1/13/2017,cxc9401@rit.edu_RITArcGIS,1/13/2017,cxc9401@rit.edu_RITArcGIS,29.84966,-2.67501,17,0f2e1069-a178-4bcc-b5dc-f81a75d4c42d,firewood,,Can't find the market for it.,1/13/2017,cxc9401@rit.edu_RITArcGIS,1/13/2017,cxc9401@rit.edu_RITArcGIS
18,4ca34b96-93e6-4e79-8b91-ab4e055fb016,214fd5c7-be36-4a72-9501-c226f8261e01,214fd5c7-be36-4a72-9501-c226f8261e01,mugombwa,25,yesother,1,5,general,poor,good,Mushya center or kabuga,"MushyaCenter,Kabuga","Mushya,Kabuga","???, 30.229524","???, -1.975726",house,,yes,,no,,,,,,,four,increased,7/29/2016,yes,1,aroundcamp,Oil,yes,More customers,no,financing,,mobilemoney,,yes,,To receiving many money,daily,monthly,mobile,no,1/16/2017,ndt3511@rit.edu_RITArcGIS,1/16/2017,ndt3511@rit.edu_RITArcGIS,29.84989,-2.6738,18,975b4e87-b5ff-444b-a313-7763dd9f8689,firewood,,Insufficiency capitals,1/16/2017,ndt3511@rit.edu_RITArcGIS,1/16/2017,ndt3511@rit.edu_RITArcGIS
19,114d8ef3-8714-4971-ab4c-df6b4c8dcd41,7bf5fa08-bc14-480f-92a0-cee8e249be78,7bf5fa08-bc14-480f-92a0-cee8e249be78,mugombwa,40,yesother,1,30,general,poor,good,Butare town,Huye,Huye,29.75,-2.6,house,,yes,,no,,,,,,,three,increased,1/9/2015,no,,aroundcamp,Products,yes,More customers,no,financing,,underbed,,yes,,Grow of products,daily,monthly,nobank,no,1/16/2017,ndt3511@rit.edu_RITArcGIS,1/16/2017,ndt3511@rit.edu_RITArcGIS,29.85061,-2.6735,19,c3224438-0bf2-4102-ac01-fd20099e5edb,firewood,,Insufficient capital,1/16/2017,ndt3511@rit.edu_RITArcGIS,1/16/2017,ndt3511@rit.edu_RITArcGIS
20,66c2cf21-769e-4032-98ae-f66651a11c1b,9bbb4e44-94f0-46c8-981f-1c286edc99a8,9bbb4e44-94f0-46c8-981f-1c286edc99a8,mugombwa,2,yesother,1,20,general,poor,good,Bishya center,BishyaCenter,Bishya,,,house,,yes,,no,,,,,,,three,decrease,1/18/2017,yes,1,districtonly,,yes,Want to increaseing the products,no,financing,,underbed,,yes,,Increasing the products,daily,monthly,nobank,no,1/16/2017,ndt3511@rit.edu_RITArcGIS,1/16/2017,ndt3511@rit.edu_RITArcGIS,29.85009,-2.67406,20,a5e2b5cb-8600-42f3-9ad2-d8cd4ff82c60,firewood,,,1/16/2017,ndt3511@rit.edu_RITArcGIS,1/16/2017,ndt3511@rit.edu_RITArcGIS
21,06f28aa1-7c77-4f8b-ac9e-95e617db5813,8d7826c1-51db-4290-bf03-89db951a49a7,8d7826c1-51db-4290-bf03-89db951a49a7,mugombwa,2,yesother,2,65,cell,poor,good,Butare town,Huye,Huye,29.75,-2.6,house,,yes,,no,,,,,,,four,increased,1/19/2017,yes,1,aroundcamp,To buy fire,yes,Increasing of customer s,no,financing,,mobilemoney,,yes,,Grow of products,daily,monthly,mobile,yes,1/16/2017,ndt3511@rit.edu_RITArcGIS,1/16/2017,ndt3511@rit.edu_RITArcGIS,29.85135,-2.67489,21,da6102f1-895d-40d4-ac2e-48dd3585293a,firewood,,Insufficient capital,1/16/2017,ndt3511@rit.edu_RITArcGIS,1/16/2017,ndt3511@rit.edu_RITArcGIS
21,06f28aa1-7c77-4f8b-ac9e-95e617db5813,8d7826c1-51db-4290-bf03-89db951a49a7,8d7826c1-51db-4290-bf03-89db951a49a7,mugombwa,2,yesother,2,65,cell,poor,good,Butare town,,,,,house,,yes,,no,,,,,,,four,increased,1/19/2017,yes,1,aroundcamp,To buy fire,yes,Increasing of customer s,no,financing,,mobilemoney,,yes,,Grow of products,daily,monthly,mobile,yes,1/16/2017,ndt3511@rit.edu_RITArcGIS,1/16/2017,ndt3511@rit.edu_RITArcGIS,29.85135,-2.67489,22,3f02f6c4-1882-4282-b04b-e7e887a1710b,firewood,,Insufficient funds,1/16/2017,ndt3511@rit.edu_RITArcGIS,1/16/2017,ndt3511@rit.edu_RITArcGIS
22,9fcb37d2-3006-4ef5-92c5-263ca470aaf5,679aff62-6989-4a67-9a7b-a8b3ef1eacc9,679aff62-6989-4a67-9a7b-a8b3ef1eacc9,mugombwa,6,yesother,6,60,business,poor,good,In kabuga,Kabuga,Kabuga,30.229524,-1.975726,house,,yes,,no,,,,,,,two,increased,1/19/2017,no,,districtonly,,yes,Increasing of product,no,financing,,other,Saco,yes,,Grow of product,daily,monthly,saco,yes,1/16/2017,ndt3511@rit.edu_RITArcGIS,1/16/2017,ndt3511@rit.edu_RITArcGIS,29.85056,-2.67475,23,ba4d4533-6a97-4954-be79-adde4d2f64c3,firewood,,Insufficient capital,1/16/2017,ndt3511@rit.edu_RITArcGIS,1/16/2017,ndt3511@rit.edu_RITArcGIS
23,d21cd907-6519-44e9-bf5a-46284afd095f,a8d3ecdd-a0cb-4594-aa67-9a20ebb82124,a8d3ecdd-a0cb-4594-aa67-9a20ebb82124,mugombwa,1,noemploy,,10,restaurant,poor,good,In huye town,Huye,Huye,29.75,-2.6,house,,yes,,no,,,,,,,three,increased,12/2/2016,yes,2,districtonly,,no,,yes,financing,,mobilemoney,,yes,,Increasing of product,daily,monthly,mobile,yes,1/16/2017,ndt3511@rit.edu_RITArcGIS,1/16/2017,ndt3511@rit.edu_RITArcGIS,29.84972,-2.67491,24,03a352c4-fc19-4d20-a1bd-4df4e5addd6c,phones,,,1/16/2017,ndt3511@rit.edu_RITArcGIS,1/16/2017,ndt3511@rit.edu_RITArcGIS
23,d21cd907-6519-44e9-bf5a-46284afd095f,a8d3ecdd-a0cb-4594-aa67-9a20ebb82124,a8d3ecdd-a0cb-4594-aa67-9a20ebb82124,mugombwa,1,noemploy,,10,restaurant,poor,good,In huye town,,,,,house,,yes,,no,,,,,,,three,increased,12/2/2016,yes,2,districtonly,,no,,yes,financing,,mobilemoney,,yes,,Increasing of product,daily,monthly,mobile,yes,1/16/2017,ndt3511@rit.edu_RITArcGIS,1/16/2017,ndt3511@rit.edu_RITArcGIS,29.84972,-2.67491,25,5068cead-6f6b-4f8e-b805-7b4a9c7817fe,firewood,,Insuficient capital,1/16/2017,ndt3511@rit.edu_RITArcGIS,1/16/2017,ndt3511@rit.edu_RITArcGIS
24,b051d2fc-c715-4086-9406-438e5747117c,5c58bf07-5ee5-41a3-9b5b-6a1878307eb1,,kigeme,1,noemploy,,5,grocery,good,good,Kigeme Town,KigemeTown,Kigeme,29.527007,-2.484313,house,,yes,,no,,,,,,,three,increased,4/14/2014,,,aroundcamp,All around,no,,no,training,,underbed,,yes,,To have development,daily,weekly,nobank,no,1/17/2017,cxc9401@rit.edu_RITArcGIS,1/17/2017,cxc9401@rit.edu_RITArcGIS,29.52258,-2.48666,,,,,,,,,
25,2e85aae7-2348-44a5-a638-7d4610c25012,f741c944-6bfd-405e-ad3d-d53b640519f3,,kigeme,4,yesother,3,30,"clothing,other",good,good,Nyamagabe,Nyamagabe,Nyamagabe,29.466667,-2.4,nosell,,yes,,no,,,,,,,five,decrease,########,,,aroundcamp,Around the business,yes,Change to cash.,yes,financing,,mobilemoney,,yes,,To look for a new job.,weekly,monthly,mobile,yes,1/17/2017,cxc9401@rit.edu_RITArcGIS,1/17/2017,cxc9401@rit.edu_RITArcGIS,29.52466,-2.48839,,,,,,,,,
26,b6d48bc2-2861-4dc3-aefa-7e6e220046ae,3cae8a85-43d8-42b0-890b-c21f4b140226,,kigeme,12,yesfamily,11,30,general,good,good,Nyamagabe and Gasarenda,"Nyamagabe,Gasarenda","Nyamagabe,Gasarenda","29.466667, 29.481358","-2.4, -2.503111",house,,yes,,no,,,,,,,two,increased,3/6/2013,,,aroundcamp,Around the business.,yes,Because of opportunity.,no,training,,mobilemoney,,yes,,To have a development.,daily,daily,mobile,yes,1/17/2017,cxc9401@rit.edu_RITArcGIS,1/17/2017,cxc9401@rit.edu_RITArcGIS,29.52461,-2.48841,,,,,,,,,
27,e3fa5ed3-2592-4cbc-9bb0-2ada33594876,6e421bed-f39b-464b-987a-63414ace617d,,kigeme,2,yesfamily,1,60,"clothing,grocery,general",good,good,Gasarenda,Gasarenda,Gasarenda,29.481358,-2.503111,house,,yes,,no,,,,,,,three,decrease,8/19/2013,,,aroundcamp,Around the business,no,,no,financing,,underbed,,no,,Stronger business.,daily,monthly,nobank,yes,1/17/2017,cxc9401@rit.edu_RITArcGIS,1/17/2017,cxc9401@rit.edu_RITArcGIS,29.52454,-2.48828,,,,,,,,,
28,dd324b69-e65f-4002-9df9-62a6701c589d,62cb483e-58b0-4c23-bbfa-7dddabc6193f,,kigeme,1,noemploy,,35,"other,restaurant",good,good,Kigeme Town (Out of camp),KigemeTown,Kigeme,29.527007,-2.484313,house,,yes,,no,,,,,,,two,increased,5/9/2016,,,aroundcamp,Around the business.,yes,They ask also. Others ask. Word of mouth.,no,training,,mobilemoney,,no,,Make it strong. Stronger business.,daily,monthly,mobile,yes,1/17/2017,cxc9401@rit.edu_RITArcGIS,1/17/2017,cxc9401@rit.edu_RITArcGIS,29.52455,-2.48824,,,,,,,,,
29,1f707bc7-2179-4af1-b847-21532a97acd3,9d83238d-c943-463c-9a70-aeb786bb9e69,,kigeme,2,yesfamily,1,100,"grocery,general",good,damaged,Gasarenda,Gasarenda,Gasarenda,29.481358,-2.503111,house,,yes,,no,,,,,,,five,decrease,7/26/2014,,,aroundcamp,Around the business,yes,Currency change. Change to cash.,yes,financing,,remittances,,yes,,Make business strong.,weekly,daily,saco,yes,1/17/2017,cxc9401@rit.edu_RITArcGIS,1/17/2017,cxc9401@rit.edu_RITArcGIS,29.52477,-2.48808,,,,,,,,,
30,a235ecde-98bd-40e6-90bb-33157c2654fe,88a4c837-2824-4120-8dc2-597012ccdccf,,kigeme,2,yesfamily,1,50,general,good,good,Nyamagabe and Gasarenda,"Nyamagabe,Gasarenda","Nyamagabe,Gasarenda","29.466667, 29.481358","-2.4, -2.503111",house,,yes,,no,,,,,,,three,increased,1/24/2016,,,aroundcamp,Around the business,yes,Currents. Note. Currency.,no,financing,,remittances,,yes,,To get out of the camp. Leave the compound.,weekly,monthly,saco,yes,1/17/2017,cxc9401@rit.edu_RITArcGIS,1/17/2017,cxc9401@rit.edu_RITArcGIS,29.52423,-2.48834,,,,,,,,,
31,fadcf0df-57e4-4d5d-92f1-a97486ac0972,605bb7a3-0ae0-4546-8b50-dd53a38f39a9,,kigeme,1,noemploy,,40,grocery,good,good,Gasarenda,Gasarenda,Gasarenda,29.481358,-2.503111,house,,yes,,no,,,,,,,two,increased,########,,,aroundcamp,Aroind the business,yes,Currents,yes,training,,remittances,,yes,,Make the business strong.,weekly,monthly,saco,yes,1/17/2017,cxc9401@rit.edu_RITArcGIS,1/17/2017,cxc9401@rit.edu_RITArcGIS,29.52368,-2.48657,,,,,,,,,
32,7f57f735-7d54-4eb0-b49a-bb4f82c24d38,a87fa0dc-ea87-4a1b-ad71-e29cf620815b,,kigeme,1,noemploy,,30,grocery,poor,good,Gasarenda,Gasarenda,Gasarenda,29.481358,-2.503111,house,,yes,,no,,,,,,,two,increased,1/5/2017,,,aroundcamp,Around here,no,,yes,other,Nothing. She did it for herself.,remittances,,yes,,To have enough money.,weekly,monthly,nobank,yes,1/17/2017,cxc9401@rit.edu_RITArcGIS,1/17/2017,cxc9401@rit.edu_RITArcGIS,29.52338,-2.4857,,,,,,,,,
33,764ca0f4-5d86-436c-8137-4282464ce6e8,9514dd93-f4dc-486b-bcbf-e08ce448d4ee,,kigeme,1,noemploy,,25,grocery,damaged,good,Kizi and Karambi,"Kizi,Karambi","Kizi,Karambi","29.583408, 29.229167","-2.51671, -2.339167",house,,yes,,no,,,,,,,zero,decrease,########,,,aroundcamp,The neighbors,yes,Currents,no,other,Began her own training,underbed,,yes,,Very important because she didnt beg. She didnt beg. She fought to survive.,frequent,monthly,nobank,yes,1/17/2017,cxc9401@rit.edu_RITArcGIS,1/17/2017,cxc9401@rit.edu_RITArcGIS,29.5232,-2.48497,,,,,,,,,
34,5d8a4653-8405-4f32-b67e-2ac5df5f06a5,91bc6e11-eb5f-4411-8ac8-776520d6b946,91bc6e11-eb5f-4411-8ac8-776520d6b946,kigeme,2,yesfamily,2,30,"general,grocery",good,good,Gasarenda and nyamagabe,"Nyamagabe,Gasarenda","Nyamagabe,Gasarenda","29.466667, 29.481356","-2.4, -2.503109",house,,yes,,no,,,,,,,five,increased,1/16/2016,,,aroundcamp,everywhere,yes,Started making profit,yes,"financing,training",,mobilemoney,,yes,,"Would like to expand business, if funds are available",weekly,frequent,"saco,mobile",yes,1/17/2017,kdm1629@rit.edu_RITArcGIS,1/17/2017,kdm1629@rit.edu_RITArcGIS,29.52234,-2.48898,26,3e03d210-a89d-4b0e-974b-119e08204c69,,,Suppliers lack funds to supply goods,1/17/2017,kdm1629@rit.edu_RITArcGIS,1/17/2017,kdm1629@rit.edu_RITArcGIS
35,402219ab-5669-4108-892c-bbdadfddef9b,5209c212-bf00-44ad-a317-278285da9351,5209c212-bf00-44ad-a317-278285da9351,kigeme,12,yesother,12,30,"general,grocery",good,good,Gasarenda or nyamagabe,"Nyamagabe,Gasarenda","Nyamagabe,Gasarenda","29.466667, 29.481357","-2.4, -2.503110",house,,yes,,no,,,,,,,five,increased,########,,,aroundcamp,Everywhere,no,,yes,"financing,training",,other,Commercial bank,yes,,"If they find funds, their business will grow",weekly,frequent,saco,no,1/17/2017,kdm1629@rit.edu_RITArcGIS,1/17/2017,kdm1629@rit.edu_RITArcGIS,29.52442,-2.48847,27,4b975c05-2fac-4801-94ad-7c1b4c26a624,,,Suppliers lack funds to purchase goods,1/17/2017,kdm1629@rit.edu_RITArcGIS,1/17/2017,kdm1629@rit.edu_RITArcGIS
36,4b54517f-3e9e-4eb3-a086-e30dd19767b2,64eb4a5d-dc62-4467-8734-a65d4dcb4d6d,64eb4a5d-dc62-4467-8734-a65d4dcb4d6d,kigeme,1,yesfamily,3,40,"general,grocery",good,good,Nyamagabe or gasarenda,"Nyamagabe,Gasarenda","Nyamagabe,Gasarenda","29.466667, 29.481358","-2.4, -2.503111",house,,yes,,no,,,,,,,five,increased,5/13/2012,,,aroundcamp,Everywhere,yes,Have more money for food,no,"training,financing",,other,Buy more products for sale,yes,,"With more funds, buy more prodcuts for sale",weekly,frequent,nobank,yes,1/17/2017,kdm1629@rit.edu_RITArcGIS,1/17/2017,kdm1629@rit.edu_RITArcGIS,29.52437,-2.48846,28,836514a2-18f3-4c9a-89cd-c4434200be0d,,,Not enough money for suppliers to buy goods,1/17/2017,kdm1629@rit.edu_RITArcGIS,1/17/2017,kdm1629@rit.edu_RITArcGIS
37,f2a0725d-f788-4c57-a5fd-b7087fa39fb0,d338974c-a7e3-4040-8db8-af5dbeba95f1,d338974c-a7e3-4040-8db8-af5dbeba95f1,kigeme,2,yesother,2,15,grocery,good,good,Butare,Huye,Huye,29.75,-2.6,house,,yes,,no,,,,,,,five,decrease,1/16/2017,,,aroundcamp,Everywhere,yes,Not enough credit to buy corn and,yes,training,,other,"Buy maize with profits, and store. Also bank account",yes,,"With enough money, will earn enough credit to buy produce required",monthly,frequent,commbank,yes,1/17/2017,kdm1629@rit.edu_RITArcGIS,1/17/2017,kdm1629@rit.edu_RITArcGIS,29.52561,-2.48676,29,4d0fb12d-4900-4b7a-9781-bb5a1211c822,,,Because they dont have enough money to purchase produce,1/17/2017,kdm1629@rit.edu_RITArcGIS,1/17/2017,kdm1629@rit.edu_RITArcGIS
38,703b470d-da4a-4847-89a1-52b139ca0da1,d4a67b78-abcd-4288-bdf5-a8645313a872,,kigeme,40,yesfamily,40,20,clothing,good,poor,Nyamagabe,Nyamagabe,Nyamagabe,29.466667,-2.4,house,,yes,,no,,,,,,,five,increased,########,,,aroundcamp,Camp and host community,yes,"Many things, their family is living better beacuse of their business",no,"financing,training",,mobilemoney,,yes,,"If get more money, business will be secure",daily,monthly,saco,yes,1/17/2017,kdm1629@rit.edu_RITArcGIS,1/17/2017,kdm1629@rit.edu_RITArcGIS,29.52462,-2.48756,,,,,,,,,
39,fdff027a-7ea4-4232-97a8-984ab1ab81a2,a519c904-ea1c-4168-8802-ed0c210a421a,a519c904-ea1c-4168-8802-ed0c210a421a,kigeme,1,yesother,3,8,clothing,good,good,Cyanngugu,Cyangugu,Cyangugu,28.896667,-2.483333,other,Drc,yes,,no,,,,,,,four,increased,1/19/2015,,,aroundcamp,"Everywhere, even outside camp",yes,"More business, if more money can make new buissnes",yes,training,,mobilemoney,,yes,,Buissnes will have grown,monthly,frequent,mobile,yes,1/17/2017,kdm1629@rit.edu_RITArcGIS,1/17/2017,kdm1629@rit.edu_RITArcGIS,29.52456,-2.4883,30,924d56ae-45f0-4c2e-9e30-8edf8f366e86,,,suppliers lack funds to purchase supplies,1/17/2017,kdm1629@rit.edu_RITArcGIS,1/17/2017,kdm1629@rit.edu_RITArcGIS
40,50c6b3fa-830d-4f39-baf8-b723b36da8cb,4869afdc-27da-42fe-ba22-160f1f6278df,,kigeme,0,noemploy,,28,grocery,good,poor,Butare,Huye,Huye,29.75,-2.6,daily,,yes,,no,,,,,,,five,remain,########,,,aroundcamp,From camp only,yes,only existed for two months,no,other,Mvisa,other,Spend it,yes,,Hopefully have enough money to build bigger business,monthly,monthly,nobank,no,1/17/2017,kdm1629@rit.edu_RITArcGIS,1/17/2017,kdm1629@rit.edu_RITArcGIS,29.52339,-2.48542,,,,,,,,,
41,7d3ba866-f317-4739-b0c3-40fe2a20cef1,0da64f53-ed4a-4475-a8d6-5e33b51329ed,0da64f53-ed4a-4475-a8d6-5e33b51329ed,kigeme,0,noemploy,,80,"grocery,general",good,good,Gasarenda and nyamagabe,"Nyamagabe,Gasarenda","Nyamagabe,Gasarenda","29.466667, 29.481358","-2.4, -2.503111",daily,,yes,,no,,,,,,,five,increased,1/18/2015,,,aroundcamp,Everywhere,yes,More produce available,yes,training,,mobilemoney,,yes,,more products available for sale,weekly,monthly,mobile,yes,1/17/2017,kdm1629@rit.edu_RITArcGIS,1/17/2017,kdm1629@rit.edu_RITArcGIS,29.52432,-2.48463,31,2a104ff5-9009-4dbe-ad31-c1153924d8cc,,,Not enough funds,1/17/2017,kdm1629@rit.edu_RITArcGIS,1/17/2017,kdm1629@rit.edu_RITArcGIS
42,ba29a923-1048-43d9-bce5-efa853dd17c9,c658375b-d0d3-4959-a033-4d2a9fd9d99b,c658375b-d0d3-4959-a033-4d2a9fd9d99b,kigeme,1,noemploy,,5,other,good,good,kigeme.,KigemeTown,Kigeme,29.527007,-2.484313,house,,yes,,no,,,,,,,five,remain,7/6/2012,,,aroundcamp,kigeme.,no,,no,training,,remittances,,yes,,it will be the same.,daily,frequent,nobank,no,1/18/2017,bmtski@rit.edu_RITArcGIS,1/18/2017,bmtski@rit.edu_RITArcGIS,29.51321,-2.49164,32,fb9583dd-06b4-4676-aa7b-88f8e5481741,,,"low capital, sorghum business.",1/18/2017,bmtski@rit.edu_RITArcGIS,1/18/2017,bmtski@rit.edu_RITArcGIS
43,42b0d8bb-002c-4c87-9637-e6c9f941ead3,145bd333-ae1c-4ac4-846b-e46ee3d8eb57,145bd333-ae1c-4ac4-846b-e46ee3d8eb57,kigeme,1,noemploy,,6,other,good,good,kigeme.,KigemeTown,Kigeme,29.527007,-2.484313,house,,yes,,no,,,,,,,four,increased,7/31/2013,,,aroundcamp,kigeme.,yes,because there is increasing of price.,no,financing,,mobilemoney,,yes,,it will have a good image.,weekly,frequent,mobile,yes,1/18/2017,bmtski@rit.edu_RITArcGIS,1/18/2017,bmtski@rit.edu_RITArcGIS,29.50487,-2.49749,33,071ecfb3-a031-4f93-9618-78d373de6069,,,low capital. sorgum beer business,1/18/2017,bmtski@rit.edu_RITArcGIS,1/18/2017,bmtski@rit.edu_RITArcGIS
44,a181a29b-6aa9-418c-892b-e10af1ce415b,e9c14561-9b20-4a97-aea7-2d22d767d2d5,e9c14561-9b20-4a97-aea7-2d22d767d2d5,kigeme,1,yeshost,3,7,business,good,good,"nyamagabe, inzega and gasarenda.","Nyamagabe,Inzega,Gasarenda.","Nyamagabe,Inzega,Gasarenda.",29.466667,-2.4,house,,yes,,no,,,,,,,five,increased,########,,,aroundcamp,kigeme.,yes,because they increase day to day.,yes,financing,,mobilemoney,,yes,,it will have a good image.,monthly,monthly,commbank,yes,1/18/2017,bmtski@rit.edu_RITArcGIS,1/18/2017,bmtski@rit.edu_RITArcGIS,29.51321,-2.49164,34,cf37b3a7-bf45-41fe-a279-529173909d16,,,low capital,1/18/2017,bmtski@rit.edu_RITArcGIS,1/18/2017,bmtski@rit.edu_RITArcGIS
45,7a0b43e3-77c3-48ed-b5cc-801cf2d48139,9f4ab2ee-a5cd-449d-a771-60e937f15abb,9f4ab2ee-a5cd-449d-a771-60e937f15abb,kigeme,1,noemploy,,10,business,good,good,"kizi , karambi and gasarenda","Kizi,Karambi,Gasarenda","Kizi,Karambi,Gasarenda","29.583408, 29.229167, 29.481358","-2.51671, -2.339167, -2.503111",house,,yes,,no,,,,,,,five,increased,7/6/2016,,,aroundcamp,kigeme,yes,yeah! because of increasing of hungry,yes,financing,,mobilemoney,,yes,,it will have a good image,monthly,monthly,mobile,yes,1/18/2017,bmtski@rit.edu_RITArcGIS,1/18/2017,bmtski@rit.edu_RITArcGIS,29.51321,-2.49164,35,a5ab82f2-8a2d-493a-8ea8-5db47c331a17,,,low capital,1/18/2017,bmtski@rit.edu_RITArcGIS,1/18/2017,bmtski@rit.edu_RITArcGIS
46,776ca79d-d225-437d-9e7f-ab2c3d127ccf,4cd7713d-ad1a-4694-9369-0bdb248bb5f7,,kigeme,1,noemploy,,8,"clothing,other",damaged,good,Nyamagabe and Gasarenda,"Nyamagabe,Gasarenda","Nyamagabe,Gasarenda","29.466667, 29.481358","-2.4, -2.503111",nosell,,yes,,no,,,,,,,one,decrease,2/16/2013,,,districtonly,,yes,Loss of money,no,training,,underbed,,yes,,A good life,monthly,daily,nobank,yes,1/18/2017,cxc9401@rit.edu_RITArcGIS,1/18/2017,cxc9401@rit.edu_RITArcGIS,29.5232,-2.48271,,,,,,,,,
47,478b2b18-ef8f-4bc5-9d22-3e97ddc5ab84,82e013ea-4594-46ee-b323-72255a7570e3,,kigeme,2,yesfamily,1,10,"other,clothing",good,good,Kigeme Town and Nyamagabe.,"KigemeTown,Nyamagabe.","Kigeme,Nyamagabe.","29.527007, 29.466667","-2.484313, -2.4",nosell,,yes,,no,,,,,,,one,decrease,2/21/2015,,,aroundcamp,Quarter 8,yes,the loss of materials,no,other,A computer scientist.,mobilemoney,,yes,,To have 2 million Rwf,weekly,monthly,mobile,yes,1/18/2017,cxc9401@rit.edu_RITArcGIS,1/18/2017,cxc9401@rit.edu_RITArcGIS,29.52344,-2.48325,,,,,,,,,
48,50c07b27-4254-43f1-94ed-d64672e0be89,8f90bcfd-8d1f-41b2-8898-f0da8f329acd,,kigeme,3,yesfamily,2,15,"other,restaurant",damaged,good,Gasarenda,Gasarenda,Gasarenda,29.481358,-2.503111,house,,yes,,no,,,,,,,three,decrease,########,,,aroundcamp,This quarter,yes,The price of goods are expensive.,no,training,,"underbed,other",Commercial bank,yes,,To make the work stronger. To be outside the camp. The development of this business will spread outside the camp.,weekly,daily,commbank,yes,1/18/2017,cxc9401@rit.edu_RITArcGIS,1/18/2017,cxc9401@rit.edu_RITArcGIS,29.52176,-2.48307,,,,,,,,,
49,7a6ad568-179b-470c-a975-813b7b57d9f0,eb45bdce-861d-4141-a4a1-bf20c922aab4,,kigeme,2,yesfamily,1,5,"other,clothing",damaged,damaged,Nyamagabe and Gasarenda,"Nyamagabe,Gasarenda","Nyamagabe,Gasarenda","29.466667, 29.481358","-2.4, -2.503111",nosell,,yes,,no,,,,,,,two,decrease,6/26/2012,,,aroundcamp,Around the business.,yes,The change to cash.,yes,training,,mobilemoney,,yes,,To have a development. Have a bigger business. Be more developed.,weekly,monthly,mobile,yes,1/18/2017,cxc9401@rit.edu_RITArcGIS,1/18/2017,cxc9401@rit.edu_RITArcGIS,29.52104,-2.48286,,,,,,,,,
50,c6b004f2-f787-4668-b95e-c6839dce1251,b29f707d-c0ea-46fd-82ea-89f1b453a7ed,,kigeme,1,noemploy,,20,grocery,good,good,Gasarenda and Nyamagabe,"Nyamagabe,Gasarenda","Nyamagabe,Gasarenda","29.466667, 29.481358","-2.4, -2.503111",house,,yes,,no,,,,,,,one,decrease,8/6/2015,,,aroundcamp,Around the business.,yes,Because of a loan.,yes,training,,other,Bank,yes,,To find a new job.,daily,daily,saco,yes,1/18/2017,cxc9401@rit.edu_RITArcGIS,1/18/2017,cxc9401@rit.edu_RITArcGIS,29.52105,-2.48267,,,,,,,,,
51,a7ec278b-6ab7-44d3-a432-21f8878c575c,fb7fae3e-93b9-4660-9187-f33e62ecee71,,kigeme,5,yesother,4,5,other,good,good,Kigali and Gisenyi,"Kigali,Gisenyi","Kigali,Gisenyi","30.059444, 29.25","-1.943889, -1.7",house,,yes,,no,,,,,,,one,decrease,8/4/2015,,,aroundcamp,Around the business.,yes,Opportunity,no,financing,,underbed,,no,,To have a development.,monthly,daily,nobank,yes,1/18/2017,cxc9401@rit.edu_RITArcGIS,1/18/2017,cxc9401@rit.edu_RITArcGIS,29.52142,-2.48211,,,,,,,,,
52,722efc17-16af-4814-9e86-07c5efb2e552,c2b40a06-3ce2-4de2-9061-c926c66e67fd,,kigeme,4,yesfamily,3,8,grocery,good,good,Kigeme Town,KigemeTown,Kigeme,29.527007,-2.484313,house,,yes,,no,,,,,,,four,decrease,4/20/2014,,,aroundcamp,Around here,yes,Because of the opportunity.,no,training,,other,Formal bank,yes,,To have a good life.,daily,monthly,saco,yes,1/18/2017,cxc9401@rit.edu_RITArcGIS,1/18/2017,cxc9401@rit.edu_RITArcGIS,29.5212,-2.48207,,,,,,,,,
53,20c721be-d8bf-499e-a746-31fc0340fb55,48b567de-293d-481b-8fcd-7e31ae0e4ac6,,kigeme,1,noemploy,,50,general,poor,good,Gasarenda,Gasarenda,Gasarenda,29.481358,-2.503111,house,,yes,,no,,,,,,,one,increased,2/27/2016,,,districtonly,,yes,"He was working outside, but now he has a house that he works in.",no,training,,other,Corporate bank,yes,,To make it stronger.,weekly,weekly,commbank,yes,1/18/2017,cxc9401@rit.edu_RITArcGIS,1/18/2017,cxc9401@rit.edu_RITArcGIS,29.52196,-2.48223,,,,,,,,,
54,812bf6c2-6a7b-4e23-9ca3-7c91e0dcaea7,1bc3cc46-ac62-425e-8a17-8a2340d70fa1,1bc3cc46-ac62-425e-8a17-8a2340d70fa1,kigeme,1,noemploy,,20,restaurant,good,good,Kigeme center,KigemeTown,Kigeme,29.527007,-2.484313,house,,yes,,no,,,,,,,five,increased,########,,,aroundcamp,Everywhere,no,,yes,financing,,mobilemoney,,yes,,"If she gets funds, can be biggest business (bar)",daily,frequent,"mobile,microloan",yes,1/18/2017,kdm1629@rit.edu_RITArcGIS,1/18/2017,kdm1629@rit.edu_RITArcGIS,29.52372,-2.48303,36,149114b2-3e77-4632-a00d-9a08ca8be927,,,Suppliers lack funds to supply goods,1/18/2017,kdm1629@rit.edu_RITArcGIS,1/18/2017,kdm1629@rit.edu_RITArcGIS
55,a3d15c34-41c8-4d20-b4d5-35bd23fe761b,6250249c-ed6a-4514-aeaa-d0f9ff705ea8,6250249c-ed6a-4514-aeaa-d0f9ff705ea8,kigeme,1,noemploy,,3,clothing,poor,good,Gasarenda,Gasarenda,Gasarenda,29.481358,-2.503111,house,,yes,,no,,,,,,,four,increased,10/6/2014,,,aroundcamp,Q7v4,no,,no,"financing,training",,mobilemoney,,yes,,If get funds I will reach to every thing,weekly,frequent,"microloan,mobile",yes,1/18/2017,kdm1629@rit.edu_RITArcGIS,1/18/2017,kdm1629@rit.edu_RITArcGIS,29.5238,-2.48308,37,18cd619b-7c5a-4d8f-bfc6-9b404025ded3,,,Not enough money,1/18/2017,kdm1629@rit.edu_RITArcGIS,1/18/2017,kdm1629@rit.edu_RITArcGIS
56,3f703299-3c3c-4279-9e50-1dd374fd9b9f,d75a217d-0f1b-4cd3-8fb1-58a34a47edd5,d75a217d-0f1b-4cd3-8fb1-58a34a47edd5,kigeme,1,noemploy,,17,general,good,good,Nyamagabe or gasarenda,"Nyamagabe,Gasarenda","Nyamagabe,Gasarenda","29.466667, 29.481358","-2.4, -2.503111",house,,yes,,no,,,,,,,five,increased,########,,,aroundcamp,Everywhere,yes,,no,financing,,mobilemoney,,yes,,"She will buy more goods, if she has the funds",monthly,frequent,"microloan,mobile",yes,1/18/2017,kdm1629@rit.edu_RITArcGIS,1/18/2017,kdm1629@rit.edu_RITArcGIS,29.52341,-2.48243,38,f5b5c69d-ccdb-4f1f-aab6-233884c3b2da,,,Not enough funds to purchase goods,1/18/2017,kdm1629@rit.edu_RITArcGIS,1/18/2017,kdm1629@rit.edu_RITArcGIS
57,b1d74e9a-797b-4720-a42b-53e4df418a56,c8c76f78-e7cf-4ea1-8749-ae4a4fa9b58b,c8c76f78-e7cf-4ea1-8749-ae4a4fa9b58b,kigeme,1,noemploy,,13,restaurant,good,good,Kigeme,KigemeTown,Kigeme,29.527007,-2.484313,house,,yes,,no,,,,,,,five,increased,8/12/2014,,,aroundcamp,Everywhere,yes,More profit,no,"financing,training",,other,"Purchase clothes, household items",yes,,"if find funds, she will buy many things",daily,frequent,nobank,yes,1/18/2017,kdm1629@rit.edu_RITArcGIS,1/18/2017,kdm1629@rit.edu_RITArcGIS,29.52316,-2.482,39,c6a82cd8-0e46-478b-b7c4-53fa0c5e5f55,,,Not enough money to buy goods,1/18/2017,kdm1629@rit.edu_RITArcGIS,1/18/2017,kdm1629@rit.edu_RITArcGIS
58,75550976-4cdb-418b-bccd-36a5ce593a4c,78454021-fba1-404e-a6c0-fdc0abaffb96,,kigeme,1,noemploy,,0,other,poor,poor,Nyamagabe and ryarubondo,"Nyamagabe,Ryarubondo","Nyamagabe,Ryarubondo","29.466667, 29.51694444","-2.4, -2.5312",house,,yes,,no,,,,,,,zero,increased,6/12/2016,,,districtonly,,yes,No credit,no,"training,financing",,mobilemoney,,yes,,"If she gets funds, she can get whatever she wants",weekly,frequent,"microloan,mobile",no,1/18/2017,kdm1629@rit.edu_RITArcGIS,1/18/2017,kdm1629@rit.edu_RITArcGIS,29.52338,-2.48232,,,,,,,,,
59,4cd77daa-865e-4881-871b-955dbf7e1103,812ae0a1-7332-4701-8176-f87947d2e091,,kigeme,1,noemploy,,5,hair,poor,good,"No where,she use a cesor",Nowhere,Nowhere,,,daily,,yes,,no,,,,,,,two,increased,4/11/2012,,,aroundcamp,In camp,yes,Because they got some money,no,"training,financing",,other,What iget i use it as well as i have many consomers,yes,,"If they get funds, they will try many things",frequent,frequent,nobank,yes,1/18/2017,kdm1629@rit.edu_RITArcGIS,1/18/2017,kdm1629@rit.edu_RITArcGIS,29.52347,-2.48241,,,,,,,,,
60,4d72e12c-3969-4c6e-9671-50681a6e708f,f6159a5f-031c-4acd-b98e-fd4eb0ed4129,,kigeme,10,yesfamily,10,15,"grocery,restaurant,general",good,good,Kigeme,KigemeTown,Kigeme,29.527007,-2.484313,daily,,yes,,no,,,,,,,two,notapplicable,12/6/2016,,,aroundcamp,Everywhere,no,,yes,financing,,other,Saco,yes,,Increased business,daily,monthly,saco,no,1/18/2017,kdm1629@rit.edu_RITArcGIS,1/18/2017,kdm1629@rit.edu_RITArcGIS,29.52368,-2.48337,,,,,,,,,
61,025fbe83-9cfc-4965-8fb9-1eb3b1c3252a,b2365299-5911-4946-a521-71511a429f0a,,kigeme,1,noemploy,,8,grocery,good,good,Kigeme,KigemeTown,Kigeme,29.527007,-2.484313,house,,yes,,no,,,,,,,three,remain,3/1/2015,,,aroundcamp,"Everywhere in camp, sometimes even from outside the camp",no,,no,"financing,training",,"mobilemoney,underbed",,yes,,"Increased business, if he gets financing and training",weekly,daily,mobile,yes,1/18/2017,kdm1629@rit.edu_RITArcGIS,1/18/2017,kdm1629@rit.edu_RITArcGIS,29.52376,-2.4835,,,,,,,,,
62,a8b17a0d-80d0-4de9-8d32-539ae4dd9bf4,69b69f75-1b93-4aee-af52-6d86ebe20c59,,kigeme,1,noemploy,,10,woodcharcoal,good,good,Gakoma,Gakoma,Gakoma,29.63333333,-1.7,daily,,yes,,no,,,,,,,four,decrease,2/2/2015,,,aroundcamp,Only from this camp (kigeme),yes,"more profits this past month, bc money was distributed instead of food",no,"financing,training",,mobilemoney,,yes,,Increase,daily,monthly,mobile,yes,1/18/2017,kdm1629@rit.edu_RITArcGIS,1/18/2017,kdm1629@rit.edu_RITArcGIS,29.52392,-2.48361,,,,,,,,,
63,e5406a29-f922-4a0f-94a7-51ea4a387bc5,0ef7a32c-9cde-4910-8858-42bb40229538,,kigeme,2,noemploy,,30,craft,good,good,cyangugu market,Cyangugu,Cyangugu,28.896667,-2.483333,house,,yes,,no,,,,,,,three,increased,6/13/2012,,,aroundcamp,inside the camp,yes,yes because the customers especially increased in business,yes,financing,,other,saco bank,yes,,my vision about my business is expanding even outside the camp,monthly,monthly,saco,yes,1/18/2017,ahk7655@rit.edu_RITArcGIS,1/18/2017,ahk7655@rit.edu_RITArcGIS,29.52264,-2.48252,,,,,,,,,
64,b2ec2735-9523-42c7-9a19-6fe04b20efb2,d4760fb7-7a28-4caa-9086-9f492c0db454,,kigeme,1,noemploy,,10,craft,average,good,gasalenda/huye market,"Gasarenda,Huye","Gasarenda,Huye","29.481358, 29.75","-2.503111, -2.6",house,,yes,,no,,,,,,,five,remain,########,,,aroundcamp,inside the camp,no,,no,financing,,other,tigo cash,yes,,I expect to expanding my business,monthly,monthly,nobank,yes,1/18/2017,ahk7655@rit.edu_RITArcGIS,1/18/2017,ahk7655@rit.edu_RITArcGIS,29.52275,-2.48232,,,,,,,,,
65,4974d133-eb55-4f5c-a1fd-3ba8f6f0f88b,b61d42c3-a896-4cb4-bf48-dfe4116547d3,,kigeme,1,noemploy,,50,craft,average,good,Gasalenda/Nyamagabe market,"Nyamagabe,Gasarenda","Nyamagabe,Gasarenda","29.466667, 29.481358","-2.4, -2.503111",house,,yes,,no,,,,,,,five,increased,4/23/2013,,,aroundcamp,it comes inside the camp,yes,ues because the increase of money was on high level,no,training,,other,Saco bank,yes,,I predict to work even outof the camp,monthly,monthly,saco,yes,1/18/2017,ahk7655@rit.edu_RITArcGIS,1/18/2017,ahk7655@rit.edu_RITArcGIS,29.52228,-2.48234,,,,,,,,,
66,8fec0ae5-c706-4425-b2a8-0ba07b3328e9,dd6443ef-885d-40c5-ba8a-b96fc446ed35,,kigeme,2,yesfamily,2,150,craft,good,good,gasalenda/huye market,"Gasarenda,Huye","Gasarenda,Huye","29.481358, 29.75","-2.503111, -2.6",house,,yes,,no,,,,,,,five,increased,########,,,aroundcamp,is coming inside the camp,yes,yes because the moneyw was increased in the last12 months,yes,financing,,other,Equity bank/I&M bank,yes,,Iexpect to expand my business even outside the camp,monthly,monthly,saco,yes,1/18/2017,ahk7655@rit.edu_RITArcGIS,1/18/2017,ahk7655@rit.edu_RITArcGIS,29.52266,-2.48255,,,,,,,,,
67,47a9b979-cb77-4c38-9e55-efce964acb88,019b2aed-cc07-4fcd-8930-ccdfb19f627a,,kigeme,1,noemploy,,100,craft,poor,good,gasalenda/nyamagabe market,"Nyamagabe,Gasarenda","Nyamagabe,Gasarenda","29.466667, 29.481358","-2.4, -2.503111",house,,yes,,no,,,,,,,five,increased,5/14/2014,,,aroundcamp,there are coming inside the camp,yes,yes because of I see many customers,yes,financing,,other,tigo cash,yes,,I expect to expanding my business,monthly,monthly,saco,yes,1/18/2017,ahk7655@rit.edu_RITArcGIS,1/18/2017,ahk7655@rit.edu_RITArcGIS,29.52262,-2.48867,,,,,,,,,
68,c7407db3-eb3b-4ca6-a582-0bbdc2e70f1f,8c24b6a6-5c14-4ff3-8cb5-7b9f3c7652e3,,kigeme,1,yesfamily,1,50,craft,poor,good,gasalenda/nyamagabe/ huye market,"Gasarenda,Nyamagabe,Huye","Gasarenda,Nyamagabe,Huye","29.481358, 29.466667, 29.75","-2.503111, -2.4, -2.6",house,,yes,,no,,,,,,,five,increased,1/26/2014,,,aroundcamp,inside the camp,yes,when we did mais the customers were so many than today,no,training,,underbed,,yes,,I expect to be the business man out of the camp,monthly,monthly,saco,yes,1/18/2017,ahk7655@rit.edu_RITArcGIS,1/18/2017,ahk7655@rit.edu_RITArcGIS,29.52246,-2.48877,,,,,,,,,
69,c7eff90a-7023-420d-b73c-a546291bd36c,be0c91f7-223d-4065-9996-a3fff6743153,,kigeme,1,noemploy,,8,craft,average,good,gasalenda market,Gasarenda,Gasarenda,29.481358,-2.503111,house,,yes,,no,,,,,,,five,remain,4/3/2016,,,aroundcamp,only inside the camp,no,,no,financing,,mobilemoney,,yes,,after five years i predict toexpand my business in order to give to others peoples the services,monthly,monthly,saco,yes,1/18/2017,ahk7655@rit.edu_RITArcGIS,1/18/2017,ahk7655@rit.edu_RITArcGIS,29.52459,-2.4881,,,,,,,,,
70,c70cc35f-6dc7-436b-aa2b-6e842fdce889,f4379740-a72f-4b7e-a326-1429c8591671,,kigeme,1,noemploy,,5,craft,average,good,gasalenda market,Gasarenda,Gasarenda,29.481358,-2.503111,house,,yes,,no,,,,,,,five,decrease,9/21/2016,,,aroundcamp,inside the camp,yes,because of the competitors they are so many,no,financing,,underbed,,yes,,expand my business like others,monthly,monthly,nobank,yes,1/18/2017,ahk7655@rit.edu_RITArcGIS,1/18/2017,ahk7655@rit.edu_RITArcGIS,29.52297,-2.48561,,,,,,,,,
71,8dee7a90-92cb-41ad-be6d-1e70864b77bc,74754483-18fd-4fe8-8bf9-15b1f7fea1c7,,kigeme,1,noemploy,,20,craft,good,good,nyamagabe market,Nyamagabe,Nyamagabe,29.466667,-2.4,house,,yes,,no,,,,,,,five,increased,7/7/2015,,,aroundcamp,inside the camp,yes,yes because the increase was on high,yes,financing,,other,saco bank,yes,,in the five years if I found money rather than one ihave today my business it will be increased,monthly,monthly,saco,yes,1/18/2017,ahk7655@rit.edu_RITArcGIS,1/18/2017,ahk7655@rit.edu_RITArcGIS,29.52258,-2.48697,,,,,,,,,
72,16fe3026-2bfc-4fc6-bac3-fb8777b100c2,51575f9d-8ecc-43bd-b6cc-4d2613d81090,,kigeme,1,noemploy,,30,craft,poor,good,gasalenda market/ kigeme center,"Gasarenda,KigemeTown","Gasarenda,Kigeme","29.481358, 29.527007","-2.503111, -2.484313",house,,yes,,no,,,,,,,five,increased,2/14/2014,,,aroundcamp,the customers are coming inside the camp,yes,yes because the money was increased,yes,financing,,other,tigo cash,yes,,my business in five years it will be on high level,monthly,monthly,saco,yes,1/18/2017,ahk7655@rit.edu_RITArcGIS,1/18/2017,ahk7655@rit.edu_RITArcGIS,29.52402,-2.48697,,,,,,,,,
73,90dedc49-f193-4996-8497-e1290ba927c9,fb54adde-edf8-412e-949e-ee026a0c97ef,,kigeme,1,noemploy,,30,craft,good,good,nyamagabe /gasalenda,"Nyamagabe,Gasarenda","Nyamagabe,Gasarenda","29.466667, 29.481358","-2.4, -2.503111",house,,yes,,no,,,,,,,five,increased,6/30/2012,,,aroundcamp,inside the camp,yes,when we have got money thecost is at the high level,yes,financing,,other,saco bank,no,it because the money igot from the camp is not enough,the business will be increased than today,monthly,monthly,saco,yes,1/18/2017,ahk7655@rit.edu_RITArcGIS,1/18/2017,ahk7655@rit.edu_RITArcGIS,29.52347,-2.48527,,,,,,,,,
74,664015d0-17a1-4527-987b-ad60076dc2db,b82f6b49-b7a7-4ad2-bbcf-fc4c967994e8,b82f6b49-b7a7-4ad2-bbcf-fc4c967994e8,mugombwa,1,noemploy,,20,restaurant,poor,good,at bishya centre,BishyaCenter,Bishya,,,house,,yes,,no,,,,,,,five,increased,1/13/2016,no,,aroundcamp,from bishya centre,yes,customers increased,no,financing,,mobilemoney,,no,,it will grow.,daily,monthly,mobile,yes,1/18/2017,ahk7655@rit.edu_RITArcGIS,1/18/2017,ahk7655@rit.edu_RITArcGIS,29.85158,-2.67458,41,d3a2aa8d-7ef9-4a92-a29c-562907e80884,firewood,,insufficient capital and lack of forests,1/18/2017,ahk7655@rit.edu_RITArcGIS,1/18/2017,ahk7655@rit.edu_RITArcGIS
74,664015d0-17a1-4527-987b-ad60076dc2db,b82f6b49-b7a7-4ad2-bbcf-fc4c967994e8,b82f6b49-b7a7-4ad2-bbcf-fc4c967994e8,mugombwa,1,noemploy,,20,restaurant,poor,good,at bishya centre,,,,,house,,yes,,no,,,,,,,five,increased,1/13/2016,no,,aroundcamp,from bishya centre,yes,customers increased,no,financing,,mobilemoney,,no,,it will grow.,daily,monthly,mobile,yes,1/18/2017,ahk7655@rit.edu_RITArcGIS,1/18/2017,ahk7655@rit.edu_RITArcGIS,29.85158,-2.67458,40,f0209bb0-04c0-466b-b8b0-740521ea41bb,phones,,,1/18/2017,ahk7655@rit.edu_RITArcGIS,1/18/2017,ahk7655@rit.edu_RITArcGIS
75,ef558e57-65a8-4efe-a9e8-3587221e85b1,dea77391-6fbe-440d-9a2a-b383b379d288,dea77391-6fbe-440d-9a2a-b383b379d288,mugombwa,2,yesfamily,2,25,"cell,hair",poor,good,huye district,Huye,Huye,29.75,-2.6,house,,yes,,yes,in kabuga centre,30.216667,-1.966667,mototaxi,,less,five,increased,5/1/2014,yes,1,aroundcamp,they come from bishya centre,yes,increasing of customers,yes,financing,,mobilemoney,,yes,,it will grow.,monthly,monthly,mobile,yes,1/18/2017,ahk7655@rit.edu_RITArcGIS,1/18/2017,ahk7655@rit.edu_RITArcGIS,29.8512,-2.67477,42,3503c3db-374a-4473-92ea-4d94aaa4b144,firewood,,lack of forests.,1/18/2017,ahk7655@rit.edu_RITArcGIS,1/18/2017,ahk7655@rit.edu_RITArcGIS
76,bddcee02-c5f4-420b-9de8-bb76c0c206ff,ea79a35b-d392-4187-839a-7fe25984910f,ea79a35b-d392-4187-839a-7fe25984910f,mugombwa,2,noemploy,,20,hair,poor,good,huye district,Huye,Huye,29.75,-2.6,house,,yes,,no,,,,,,,three,increased,2/6/2015,no,,aroundcamp,they come from bishya centre,yes,customers increase,yes,financing,,other,saco,no,,it will grow,monthly,monthly,saco,yes,1/18/2017,ahk7655@rit.edu_RITArcGIS,1/18/2017,ahk7655@rit.edu_RITArcGIS,29.85122,-2.67483,43,18503698-a0aa-400b-ab57-1a797dfbd689,firewood,,lack of forests,1/18/2017,ahk7655@rit.edu_RITArcGIS,1/18/2017,ahk7655@rit.edu_RITArcGIS
77,9272787d-0b5e-4c96-9b07-cd95e32fae73,8758ae7e-1741-428b-8d9e-6a19cfd3d197,8758ae7e-1741-428b-8d9e-6a19cfd3d197,mugombwa,1,noemploy,,20,general,poor,good,huye district,Huye,Huye,29.75,-2.6,house,,yes,,no,,,,,,,five,increased,1/16/2017,yes,2,aroundcamp,they come bishya village,yes,many customers,no,financing,,other,cooperatives,no,,it will be developed,weekly,monthly,mobile,yes,1/18/2017,ahk7655@rit.edu_RITArcGIS,1/18/2017,ahk7655@rit.edu_RITArcGIS,29.84967,-2.67494,45,499c1803-3a55-4b40-a35b-82c2385b8d38,firewood,,insufficient capital,1/18/2017,ahk7655@rit.edu_RITArcGIS,1/18/2017,ahk7655@rit.edu_RITArcGIS
77,9272787d-0b5e-4c96-9b07-cd95e32fae73,8758ae7e-1741-428b-8d9e-6a19cfd3d197,8758ae7e-1741-428b-8d9e-6a19cfd3d197,mugombwa,1,noemploy,,20,general,poor,good,huye district,,,,,house,,yes,,no,,,,,,,five,increased,1/16/2017,yes,2,aroundcamp,they come bishya village,yes,many customers,no,financing,,other,cooperatives,no,,it will be developed,weekly,monthly,mobile,yes,1/18/2017,ahk7655@rit.edu_RITArcGIS,1/18/2017,ahk7655@rit.edu_RITArcGIS,29.84967,-2.67494,44,5ad78955-9b58-4008-a48d-b65deab4a18a,phones,,,1/18/2017,ahk7655@rit.edu_RITArcGIS,1/18/2017,ahk7655@rit.edu_RITArcGIS
78,fcf92918-d108-4736-a080-e2ae64244f26,96cdec59-4975-40cc-ab04-2a06d9fa4888,96cdec59-4975-40cc-ab04-2a06d9fa4888,mugombwa,12,noemploy,,20,general,poor,good,mubishya (mugomwa),Mubishya,Mubishya,,,house,,yes,,no,,,,,,,zero,increased,12/8/2016,no,,districtonly,,yes,customers increased,yes,training,,other,saco,yes,,it will grow,daily,monthly,saco,yes,1/18/2017,ahk7655@rit.edu_RITArcGIS,1/18/2017,ahk7655@rit.edu_RITArcGIS,29.84996,-2.67515,50,17e76b68-12b6-4268-aca3-684d76858de5,firewood,,insufficient capital,1/18/2017,ahk7655@rit.edu_RITArcGIS,1/18/2017,ahk7655@rit.edu_RITArcGIS
78,fcf92918-d108-4736-a080-e2ae64244f26,96cdec59-4975-40cc-ab04-2a06d9fa4888,96cdec59-4975-40cc-ab04-2a06d9fa4888,mugombwa,12,noemploy,,20,general,poor,good,mubishya (mugomwa),,,,,house,,yes,,no,,,,,,,zero,increased,12/8/2016,no,,districtonly,,yes,customers increased,yes,training,,other,saco,yes,,it will grow,daily,monthly,saco,yes,1/18/2017,ahk7655@rit.edu_RITArcGIS,1/18/2017,ahk7655@rit.edu_RITArcGIS,29.84996,-2.67515,46,d0d2ae8e-2fd9-4b7e-b8a9-5e12002a7495,phones,,,1/18/2017,ahk7655@rit.edu_RITArcGIS,1/18/2017,ahk7655@rit.edu_RITArcGIS
78,fcf92918-d108-4736-a080-e2ae64244f26,96cdec59-4975-40cc-ab04-2a06d9fa4888,96cdec59-4975-40cc-ab04-2a06d9fa4888,mugombwa,12,noemploy,,20,general,poor,good,mubishya (mugomwa),,,,,house,,yes,,no,,,,,,,zero,increased,12/8/2016,no,,districtonly,,yes,customers increased,yes,training,,other,saco,yes,,it will grow,daily,monthly,saco,yes,1/18/2017,ahk7655@rit.edu_RITArcGIS,1/18/2017,ahk7655@rit.edu_RITArcGIS,29.84996,-2.67515,47,431fa0fe-8b5c-49a6-a2e5-8b2aca34528c,beans,,,1/18/2017,ahk7655@rit.edu_RITArcGIS,1/18/2017,ahk7655@rit.edu_RITArcGIS
78,fcf92918-d108-4736-a080-e2ae64244f26,96cdec59-4975-40cc-ab04-2a06d9fa4888,96cdec59-4975-40cc-ab04-2a06d9fa4888,mugombwa,12,noemploy,,20,general,poor,good,mubishya (mugomwa),,,,,house,,yes,,no,,,,,,,zero,increased,12/8/2016,no,,districtonly,,yes,customers increased,yes,training,,other,saco,yes,,it will grow,daily,monthly,saco,yes,1/18/2017,ahk7655@rit.edu_RITArcGIS,1/18/2017,ahk7655@rit.edu_RITArcGIS,29.84996,-2.67515,49,2da1f654-9061-4c77-a1ac-be9455628741,phones,,,1/18/2017,ahk7655@rit.edu_RITArcGIS,1/18/2017,ahk7655@rit.edu_RITArcGIS
78,fcf92918-d108-4736-a080-e2ae64244f26,96cdec59-4975-40cc-ab04-2a06d9fa4888,96cdec59-4975-40cc-ab04-2a06d9fa4888,mugombwa,12,noemploy,,20,general,poor,good,mubishya (mugomwa),,,,,house,,yes,,no,,,,,,,zero,increased,12/8/2016,no,,districtonly,,yes,customers increased,yes,training,,other,saco,yes,,it will grow,daily,monthly,saco,yes,1/18/2017,ahk7655@rit.edu_RITArcGIS,1/18/2017,ahk7655@rit.edu_RITArcGIS,29.84996,-2.67515,48,8917a7eb-5750-4ed2-bd8e-ad3894165ee9,airtime,,,1/18/2017,ahk7655@rit.edu_RITArcGIS,1/18/2017,ahk7655@rit.edu_RITArcGIS
79,6954d1f1-ad34-4e6b-a0b2-a005cc46cafd,1bed003a-5cf9-4b6c-a61a-db027a17b205,1bed003a-5cf9-4b6c-a61a-db027a17b205,kigeme,1,noemploy,,35,"other,restaurant",average,good,gasarenda,Gasarenda,Gasarenda,29.481358,-2.503111,house,,yes,,yes,we do farming out side the camp,,,farm,,less,five,increased,1/12/2016,,,aroundcamp,out of the camp and inside,yes,due to the prices of market,no,financing,,mobilemoney,,yes,,I wish imaybe tradinxg in big market,daily,daily,mobile,yes,1/19/2017,bmtski@rit.edu_RITArcGIS,1/19/2017,bmtski@rit.edu_RITArcGIS,29.52437,-2.48413,51,9b4903a0-7648-4e16-8338-37a3b52b42b7,,,lack of money,1/19/2017,bmtski@rit.edu_RITArcGIS,1/19/2017,bmtski@rit.edu_RITArcGIS
80,718e52d6-2e47-4085-b193-7568812fbe4e,06d926cb-eb93-4909-b06d-28e39f1d6d0d,,kigeme,1,noemploy,,10,restaurant,good,good,they bring them,Nowhere,Nowhere,,,house,,yes,,no,,,,,,,five,decrease,1/1/2017,,,aroundcamp,un hcr staff,yes,there was no enough mone for the crients,yes,financing,,other,sacco,yes,,very strong to the piont of five m,monthly,monthly,saco,yes,1/19/2017,bmtski@rit.edu_RITArcGIS,1/19/2017,bmtski@rit.edu_RITArcGIS,29.52358,-2.48614,,,,,,,,,
81,e0059aba-811e-4edd-82f9-859f3115b751,1f756423-ac9e-4d0c-8e19-6d663f050b87,1f756423-ac9e-4d0c-8e19-6d663f050b87,kigeme,2,noemploy,,30,general,poor,average,gasarenda,Gasarenda,Gasarenda,29.481358,-2.503111,house,,yes,,no,,,,,,,five,decrease,1/12/2014,,,aroundcamp,from different dirrections,yes,we truste our customers and disappear,no,financing,,other,in small groups,no,I can't leave the camp,it will have failed,weekly,weekly,microloan,yes,1/19/2017,bmtski@rit.edu_RITArcGIS,1/19/2017,bmtski@rit.edu_RITArcGIS,29.52464,-2.48832,52,db2abb54-f01c-40a4-8177-61e8813a7089,,,insficieny of money,1/19/2017,bmtski@rit.edu_RITArcGIS,1/19/2017,bmtski@rit.edu_RITArcGIS
82,f2985e3f-e8aa-466b-a014-3bff44518a22,15c2c956-60aa-4a98-a5dd-dceebcda1241,15c2c956-60aa-4a98-a5dd-dceebcda1241,kigeme,2,noemploy,,20,general,average,average,huye,Huye,Huye,29.75,-2.6,daily,,yes,,no,,,,,,,five,decrease,8/22/2016,,,aroundcamp,in this village,yes,there was price increased,yes,financing,,underbed,,no,out side they do tax,it will be very big,daily,frequent,nobank,yes,1/19/2017,bmtski@rit.edu_RITArcGIS,1/19/2017,bmtski@rit.edu_RITArcGIS,29.5245,-2.48826,53,fae59a19-f919-40a2-8d3f-b5f3e395e1a5,,,litle money,1/19/2017,bmtski@rit.edu_RITArcGIS,1/19/2017,bmtski@rit.edu_RITArcGIS
83,814fbdf8-fbc5-477a-9944-e36b42bcf70b,211f116d-fecf-4d7f-a507-8eaa70684f03,211f116d-fecf-4d7f-a507-8eaa70684f03,kigeme,0,yesfamily,2,35,general,average,good,huye,Huye,Huye,29.75,-2.6,house,,yes,,no,,,,,,,five,decrease,1/18/2017,,,aroundcamp,q2,no,,yes,financing,,mobilemoney,,yes,,strong,daily,daily,microloan,no,1/19/2017,bmtski@rit.edu_RITArcGIS,1/19/2017,bmtski@rit.edu_RITArcGIS,29.5235,-2.48564,54,85838f33-9403-42c4-bfbf-718a2a2dab57,,,money,1/19/2017,bmtski@rit.edu_RITArcGIS,1/19/2017,bmtski@rit.edu_RITArcGIS
84,3cef9a78-d5fd-4911-85db-a6c2030c0dbd,3090cd1e-f00f-4d3c-9702-fbfe53de6fce,3090cd1e-f00f-4d3c-9702-fbfe53de6fce,kigeme,1,noemploy,,15,general,average,average,Gasarenda,Gasarenda,Gasarenda,29.481358,-2.503111,daily,,yes,,no,,,,,,,five,increased,########,,,aroundcamp,All around,yes,Ddue to the lack of capital,no,financing,,mobilemoney,,yes,,"It will depend on capital, if he recieves the capital it will grow",weekly,monthly,mobile,yes,1/19/2017,ndt3511@rit.edu_RITArcGIS,1/19/2017,ndt3511@rit.edu_RITArcGIS,29.52242,-2.48311,55,78e4202b-4689-4b8b-bbee-415b2c701c75,,,It depends on what he has bought,1/19/2017,ndt3511@rit.edu_RITArcGIS,1/19/2017,ndt3511@rit.edu_RITArcGIS
85,ebf3183d-e0e8-48b0-bbdc-d610c7295cd4,3537769b-9300-4187-a482-7bb0693eec50,3537769b-9300-4187-a482-7bb0693eec50,kigeme,2,yesfamily,0,20,general,average,average,NyaMgabe gasarenda,"Nyamagabe,Gasarenda","Nyamagabe,Gasarenda","29.466667, 29.481358","-2.4, -2.503111",house,,yes,,no,,,,,,,five,decrease,7/31/2013,,,aroundcamp,All around,yes,due to the crisis of money,yes,"financing,training",,other,Groups the origsnize money via donations,yes,,They will have worked their business to the top,weekly,monthly,nobank,yes,1/19/2017,ndt3511@rit.edu_RITArcGIS,1/19/2017,ndt3511@rit.edu_RITArcGIS,29.52252,-2.4826,56,139e1e35-86a0-4af9-8f5c-9a0b813526c3,,,Due to the money crisis,1/19/2017,ndt3511@rit.edu_RITArcGIS,1/19/2017,ndt3511@rit.edu_RITArcGIS
86,ac3a45c4-677b-4e7e-8a25-d040b231c3a8,09872cc0-af94-4beb-9933-e7e0eddcdff9,,kigeme,1,noemploy,,40,grocery,average,average,Cyizi and nyamagabe,"Cyizi,Nyamagabe","Cyizi,Nyamagabe",,,daily,,no,Because they are give little money,no,,,,,,,five,remain,5/14/2014,,,districtonly,,no,,no,financing,,other,The consume the profits,no,Some disappeared some habe increased capital,Could stay coukd disappear,weekly,monthly,nobank,no,1/19/2017,ndt3511@rit.edu_RITArcGIS,1/19/2017,ndt3511@rit.edu_RITArcGIS,29.52266,-2.48257,,,,,,,,,
87,88944d2f-c652-4e57-b40b-ad98fa80f336,f8527882-5236-423b-91ff-5b7b320fcf41,f8527882-5236-423b-91ff-5b7b320fcf41,kigeme,2,yesfamily,0,20,general,average,average,Gisagara,Gisa,Gisa,29.85,-2.616667,house,,yes,,no,,,,,,,three,increased,3/31/2013,,,aroundcamp,Come mostly for trading,yes,Because of differnt types of trading,yes,financing,,other,Put tge money back into the business,yes,,If she get more capital she will be able to expand,weekly,monthly,nobank,yes,1/19/2017,ndt3511@rit.edu_RITArcGIS,1/19/2017,ndt3511@rit.edu_RITArcGIS,29.52302,-2.48281,57,964d7377-a0aa-4c0f-8cee-266729e55281,,,"Prices increase, but local community is struggling to afford to buy stuff",1/19/2017,ndt3511@rit.edu_RITArcGIS,1/19/2017,ndt3511@rit.edu_RITArcGIS
88,5619ac50-24b8-4098-93bb-e244a68e3700,63931adf-74d8-448b-a4c3-eaaf19a35d1b,63931adf-74d8-448b-a4c3-eaaf19a35d1b,kigeme,2,yesfamily,0,35,grocery,average,average,Icyizi,Icyizi,Icyizi,,,house,,yes,,no,,,,,,,three,increased,5/31/2013,,,aroundcamp,All around,no,,yes,financing,,"mobilemoney,other",Bank account,no,N/A,if she get capital the business will grow if not it will stay the same,weekly,monthly,"microloan,mobile,commbank",yes,1/19/2017,ndt3511@rit.edu_RITArcGIS,1/19/2017,ndt3511@rit.edu_RITArcGIS,29.52329,-2.48301,58,cf521f7c-1d59-425a-b53d-f85230470d3d,,,"Decreased, because of little capital",1/19/2017,ndt3511@rit.edu_RITArcGIS,1/19/2017,ndt3511@rit.edu_RITArcGIS
89,eb51649d-9af3-4b13-9cd1-4fc8d00756c3,144a1d3a-7e44-410f-98e5-adce99aaede5,144a1d3a-7e44-410f-98e5-adce99aaede5,kigeme,2,yesfamily,0,10,grocery,average,average,Gasarenda,Gasarenda,Gasarenda,29.481358,-2.503111,house,,yes,,yes,Here in camp,,,other,Masonry,less,two,decrease,6/9/2013,,,aroundcamp,All around,no,,no,financing,,other,Micro financing,no,N/A,If she recieves money the business will grow,weekly,monthly,microloan,yes,1/19/2017,ndt3511@rit.edu_RITArcGIS,1/19/2017,ndt3511@rit.edu_RITArcGIS,29.5233,-2.48308,59,1ecb6ddf-fb27-42ec-b27c-d83dbf926b14,,,"food price increase, her food became to expensive for locals",1/19/2017,ndt3511@rit.edu_RITArcGIS,1/19/2017,ndt3511@rit.edu_RITArcGIS
90,d1acbbc1-c1a9-4374-a9d2-2d8cee6151b9,94efafcc-9b95-497f-827b-cf28bbad37f0,94efafcc-9b95-497f-827b-cf28bbad37f0,kigeme,2,yesfamily,0,30,other,average,average,Gasarenda,Gasarenda,Gasarenda,29.481358,-2.503111,house,,yes,,no,,,,,,,three,decrease,6/10/2013,,,aroundcamp,All around,no,,no,"financing,training",,underbed,,yes,,"Biss is improving, should be able to make a decent profit in 5 year",weekly,monthly,nobank,yes,1/19/2017,ndt3511@rit.edu_RITArcGIS,1/19/2017,ndt3511@rit.edu_RITArcGIS,29.52325,-2.4831,60,14ba4c8e-6b03-4e6d-80e2-fdd33965a696,,,"Decreased, prices haf to be increased and there is not enough money",1/19/2017,ndt3511@rit.edu_RITArcGIS,1/19/2017,ndt3511@rit.edu_RITArcGIS
91,f9683a59-677f-4e60-97cc-f9f71083ec66,bb59a890-d3c5-4a2c-9dde-fc95838eb854,,kigeme,3,yesfamily,2,55,"general,cell",average,average,Garenda nyamagabe kigali,"Nyamagabe,Gasarenda,Kigali","Nyamagabe,Gasarenda,Kigali","29.466667, 29.481358, 30.059444","-2.4, -2.503111, -1.943889",house,,yes,,yes,owns another store,,,other,store Owner,same,two,decrease,9/30/2016,,,aroundcamp,All over,no,,yes,financing,,"remittances,mobilemoney,other",Micro finances/ banks,yes,,"Over the cource of one year the businesshas grown rapidly, he expects that in 5 years business will blossom",weekly,monthly,"microloan,mobile,commbank",no,1/19/2017,ndt3511@rit.edu_RITArcGIS,1/19/2017,ndt3511@rit.edu_RITArcGIS,29.52342,-2.48308,,,,,,,,,
92,9ddfb327-fd4d-4ef3-b669-414f9e3f9458,60d20ca6-f1a4-4ba6-b999-966a5be11123,,kigeme,1,noemploy,,20,grocery,poor,good,Kizi,Kizi,Kizi,29.583408,-2.51671,daily,,yes,,no,,,,,,,five,decrease,########,,,aroundcamp,Kigeme and gakoma,yes,She don't sell her product on credit,yes,"financing,training",,other,Sacco,yes,,She is not sure,daily,frequent,saco,yes,1/21/2017,bes1830@rit.edu_RITArcGIS,1/21/2017,bes1830@rit.edu_RITArcGIS,29.51282,-2.49222,,,,,,,,,
93,936e2bb5-47fa-4324-b90f-146e2a5f009d,00822e67-7354-4b6e-ad9f-82239f530af5,,kigeme,1,noemploy,,6,other,poor,good,Gasarenda,Gasarenda,Gasarenda,29.481358,-2.503111,house,,yes,,no,,,,,,,two,increased,########,,,districtonly,,no,,no,"financing,training",,underbed,,yes,,In 5 years the profit from the first drink business will be used to open a second restaurant business s,daily,frequent,microloan,yes,1/21/2017,bes1830@rit.edu_RITArcGIS,1/21/2017,bes1830@rit.edu_RITArcGIS,29.50463,-2.49858,,,,,,,,,
94,c716d155-ee81-49c9-ac40-425c84061860,73be7a7b-b3f8-4610-90af-3e5497809256,,kigeme,1,noemploy,,4,woodcharcoal,poor,good,Gakoma,Gakoma,Gakoma,29.63333333,-1.7,house,,yes,,no,,,,,,,five,decrease,4/7/2014,,,districtonly,,no,,no,"financing,training",,underbed,,yes,,Her business will be grow up 5 time in size,weekly,frequent,microloan,no,1/21/2017,bes1830@rit.edu_RITArcGIS,1/21/2017,bes1830@rit.edu_RITArcGIS,29.50396,-2.49909,,,,,,,,,
95,dcc0c214-2699-4a0d-a18d-444f0e00bcc0,3b6e1029-f413-4246-8913-c5963b868a7d,,kigeme,1,noemploy,,8,other,poor,good,Gakoma,Gakoma,Gakoma,29.63333333,-1.7,house,,yes,,no,,,,,,,five,increased,8/13/2012,,,districtonly,,no,,no,"financing,training",,underbed,,yes,,Her business will be changed to general store,weekly,frequent,nobank,no,1/21/2017,bes1830@rit.edu_RITArcGIS,1/21/2017,bes1830@rit.edu_RITArcGIS,29.50509,-2.49895,,,,,,,,,
96,e67a3566-0925-44c4-bb91-ae6970f3972b,59013c47-f648-4999-9e91-6e90693178d8,,kigeme,1,noemploy,,5,other,poor,average,Kigeme center,KigemeTown,Kigeme,29.527007,-2.484313,house,,yes,,no,,,,,,,five,decrease,5/3/2016,,,districtonly,,no,,yes,"financing,training",,underbed,,yes,,She doesn't think she will have a business in 5 years because income is decreasing,daily,frequent,nobank,yes,1/21/2017,bes1830@rit.edu_RITArcGIS,1/21/2017,bes1830@rit.edu_RITArcGIS,29.52054,-2.4833,,,,,,,,,
97,c4afb725-a854-4a9f-bb1c-3658639687a9,0cdb6784-2156-45c5-b218-4b952e831e38,,kigeme,5,yesfamily,5,50,"general,other,grocery",poor,good,"Kigeme center,kizi and gasarenda","KigemeTown,Kizi,Gasarenda","Kigeme,Kizi,Gasarenda","29.527007, 29.583408, 29.481358","-2.484313, -2.51671, -2.503111",daily,,yes,,no,,,,,,,five,increased,1/13/2015,,,aroundcamp,"Kigeme center ,gakoma",no,,yes,financing,,other,Bank,yes,,Grow 4 times in the size,daily,frequent,saco,yes,1/21/2017,bes1830@rit.edu_RITArcGIS,1/21/2017,bes1830@rit.edu_RITArcGIS,29.52279,-2.48268,,,,,,,,,
98,473056c9-e47f-45d1-997c-1754dd928b9c,c56635d6-c2ee-43ec-bf4f-9e234ca9c6fc,,kigeme,2,yesfamily,2,15,"general,grocery",poor,good,Kizi,Kizi,Kizi,29.583408,-2.51671,daily,,yes,,no,,,,,,,five,increased,2/4/2016,,,districtonly,,yes,Because of new products come into the business,yes,"financing,training",,mobilemoney,,yes,,She will introduce more new products,daily,frequent,"saco,microloan",yes,1/21/2017,bes1830@rit.edu_RITArcGIS,1/21/2017,bes1830@rit.edu_RITArcGIS,29.52267,-2.48271,,,,,,,,,
99,6ca26f7a-458b-4340-9668-b3d8034eecae,57046eb0-a686-4218-a090-a37b3035dfda,,kigeme,1,noemploy,,20,"general,grocery",poor,good,Gasarenda,Gasarenda,Gasarenda,29.481358,-2.503111,house,,yes,,no,,,,,,,five,decrease,1/26/2016,,,districtonly,,no,,no,"training,financing",,mobilemoney,,yes,,Her business will be double,weekly,frequent,microloan,no,1/21/2017,bes1830@rit.edu_RITArcGIS,1/21/2017,bes1830@rit.edu_RITArcGIS,29.52238,-2.48309,,,,,,,,,
100,80a4e3f2-2f48-42e0-a764-03b140336a1c,b2ea9a4f-b711-446d-820d-e8c2bb8bed97,,kigeme,1,noemploy,,10,general,poor,good,Gasarenda,Gasarenda,Gasarenda,29.481358,-2.503111,daily,,yes,,no,,,,,,,five,remain,########,,,districtonly,,no,,no,"training,financing",,mobilemoney,,yes,,She will be in big shop,daily,frequent,mobile,no,1/21/2017,bes1830@rit.edu_RITArcGIS,1/21/2017,bes1830@rit.edu_RITArcGIS,29.52241,-2.4831,,,,,,,,,
101,4d4d0db2-0bcc-491a-b77d-61238456071b,040a27ab-6254-4df9-ad97-957f2c6d2eb7,,kigeme,1,noemploy,,15,other,poor,good,Gakoma,Gakoma,Gakoma,29.63333333,-1.7,other,On the street,yes,,no,,,,,,,five,decrease,1/17/2016,,,districtonly,,no,,yes,"financing,training",,mobilemoney,,yes,,Her business will change to shop,daily,frequent,mobile,no,1/21/2017,bes1830@rit.edu_RITArcGIS,1/21/2017,bes1830@rit.edu_RITArcGIS,29.51278,-2.49223,,,,,,,,,
102,c66214fd-d2f5-49eb-9e1f-f9e25f29bdff,feb4b641-35fa-42bf-94cd-1b386cda13e2,,kigeme,1,noemploy,,10,other,poor,good,Gasarenda,Gasarenda,Gasarenda,29.481358,-2.503111,house,,yes,,no,,,,,,,five,remain,8/21/2012,,,districtonly,,yes,The capital was decreased and this cause a decrease of their customer,no,"financing,training",,underbed,,yes,,Her business will be grow up to 5 time,weekly,frequent,microloan,yes,1/21/2017,bes1830@rit.edu_RITArcGIS,1/21/2017,bes1830@rit.edu_RITArcGIS,29.51321,-2.49192,,,,,,,,,
103,a752886f-9ef9-411e-9d28-78c9b155de5a,b146c415-a511-4014-b103-74b358d2c76a,,kigeme,1,noemploy,,3,clothing,poor,average,Gasarenda,Gasarenda,Gasarenda,29.481358,-2.503111,house,,yes,,no,,,,,,,five,decrease,3/24/2014,,,districtonly,,no,,no,training,,underbed,,yes,,He will change his business to general store,daily,frequent,microloan,yes,1/21/2017,bes1830@rit.edu_RITArcGIS,1/21/2017,bes1830@rit.edu_RITArcGIS,29.52311,-2.48329,,,,,,,,,
104,5428d8fa-2df2-443b-a842-db677eaa0210,922b159e-2911-487d-bb88-e2376352b84d,,kigeme,1,noemploy,,35,"general,grocery",poor,good,Gasarenda,Gasarenda,Gasarenda,29.481358,-2.503111,house,,yes,,yes,Nyamagabe,29.466667,-2.4,farm,,less,five,increased,9/16/2012,,,districtonly,,no,,yes,training,,mobilemoney,,yes,,After 5 years his profit will be used to buy a cow,weekly,frequent,microloan,no,1/21/2017,bes1830@rit.edu_RITArcGIS,1/21/2017,bes1830@rit.edu_RITArcGIS,29.52284,-2.48856,,,,,,,,,
105,287bcb8e-d14a-4277-84e9-3d48b135661e,3a3b2a7f-2ad9-42f6-a54c-2906f52561cc,,kigeme,6,yesfamily,2,14,general,poor,good,Nyamagabe town,Nyamagabe,Nyamagabe,29.466667,-2.4,daily,,yes,,no,,,,,,,five,increased,2/29/2016,,,districtonly,,no,,yes,financing,,mobilemoney,,yes,,Not sure,weekly,frequent,mobile,no,1/21/2017,bes1830@rit.edu_RITArcGIS,1/21/2017,bes1830@rit.edu_RITArcGIS,29.505,-2.49844,,,,,,,,,
106,33c6c77e-5b03-44f6-83d0-1d7f7dbd5ca2,0a8605dc-1973-45c7-b201-311374414a7d,,kigeme,1,noemploy,,15,other,poor,good,Gakoma,Gakoma,Gakoma,29.63333333,-1.7,daily,,yes,,no,,,,,,,five,increased,8/15/2013,,,districtonly,,no,,no,"financing,training",,mobilemoney,,no,,She hope change her to grocery,daily,frequent,microloan,no,1/21/2017,bes1830@rit.edu_RITArcGIS,1/21/2017,bes1830@rit.edu_RITArcGIS,29.52239,-2.48702,,,,,,,,,
107,724c103f-0a42-4b3a-b493-e45e8e3cc7c9,737ada12-0fed-44dd-94f4-0100232adb70,,kigeme,3,yesfamily,3,60,"general,grocery",poor,good,Gasarenda and kigeme center,"Gasarenda,KigemeTown","Gasarenda,Kigeme","29.481358, 29.527007","-2.503111, -2.484313",daily,,yes,,no,,,,,,,five,increased,6/30/2014,,,aroundcamp,Kigeme center and gakoma,no,,yes,financing,,underbed,,yes,,Spread more shops in this camp,daily,frequent,microloan,no,1/21/2017,bes1830@rit.edu_RITArcGIS,1/21/2017,bes1830@rit.edu_RITArcGIS,29.50408,-2.49905,,,,,,,,,
108,7d3cc57c-e75b-4567-9a1f-2c2da432aaaf,7b2410eb-f408-480a-8f1b-d13fb9551870,,kigeme,1,noemploy,,7,"grocery,other",poor,good,Kigeme center,KigemeTown,Kigeme,29.527007,-2.484313,daily,,yes,,no,,,,,,,five,remain,########,,,districtonly,,no,,no,"financing,training",,mobilemoney,,no,,His using 100000 today in 5 years he will use 500 000,weekly,frequent,mobile,no,1/21/2017,bes1830@rit.edu_RITArcGIS,1/21/2017,bes1830@rit.edu_RITArcGIS,29.52254,-2.48605,,,,,,,,,
109,ac41e7e8-efd5-4644-8c4c-6b9d33253906,645cee7d-be7f-49da-bafc-e9e12ea4da54,,kigeme,2,noemploy,,55,general,poor,good,Cyizi and karambi,"Cyizi,Karambi","Cyizi,Karambi",,,daily,,yes,,no,,,,,,,five,increased,5/4/2013,,,districtonly,,no,,no,"financing,training",,mobilemoney,,yes,,It will grow up to 4 times,weekly,frequent,mobile,yes,1/21/2017,bes1830@rit.edu_RITArcGIS,1/21/2017,bes1830@rit.edu_RITArcGIS,29.52255,-2.48684,,,,,,,,,
110,aee8bfa3-1f34-4e01-8cdc-14cfff88b47d,cb356296-069e-4e88-9e0f-ea63160c5d37,,kigeme,1,noemploy,,50,"grocery,general",poor,good,Gasarenda and huye,"Gasarenda,Huye","Gasarenda,Huye","29.481358, 29.75","-2.503111, -2.6",daily,,yes,,no,,,,,,,five,increased,12/9/2015,,,districtonly,,no,,yes,"financing,training",,"mobilemoney,other",Bank,no,,She use 1 million to day after 5 years she will use 3 millions,daily,frequent,"saco,mobile",yes,1/21/2017,bes1830@rit.edu_RITArcGIS,1/21/2017,bes1830@rit.edu_RITArcGIS,29.52361,-2.48746,,,,,,,,,
111,0f31725f-18d1-44ac-b59c-84e4573a0235,4dacf933-f5db-4634-8d58-eff0a9f8f5dd,,kigeme,1,noemploy,,10,general,poor,good,Gasarenda and nyamagabe town,"Nyamagabe,Gasarenda","Nyamagabe,Gasarenda","29.466667, 29.481358","-2.4, -2.503111",house,,yes,,no,,,,,,,five,decrease,########,,,districtonly,,no,,no,"financing,training",,mobilemoney,,yes,,His business will grow up 5 times,weekly,frequent,"mobile,microloan",no,1/21/2017,bes1830@rit.edu_RITArcGIS,1/21/2017,bes1830@rit.edu_RITArcGIS,29.52272,-2.48475,,,,,,,,,
112,2820e3d7-2607-4fc6-8bb7-d697fd8dfaf3,8428a6bc-9cd4-4a55-ad85-a30543af1cee,,kigeme,1,noemploy,,18,restaurant,poor,good,Kibirizi,Kibirizi,Kibirizi,29.782501,-2.650573,house,,yes,,no,,,,,,,five,increased,1/19/2017,,,aroundcamp,Kigeme center and gakoma,no,,no,"financing,training",,other,Cooperative,yes,,He hope that his business will expanded around the camp with a capital of 800 000rwf,daily,frequent,"microloan,mobile",no,1/21/2017,bes1830@rit.edu_RITArcGIS,1/21/2017,bes1830@rit.edu_RITArcGIS,29.52295,-2.48445,,,,,,,,,
113,1548152f-8737-4205-895d-7cd970ae8136,37a6c043-aa04-49b7-a112-2c0a3c542e6b,37a6c043-aa04-49b7-a112-2c0a3c542e6b,mugombwa,1,noemploy,,20,general,good,good,Huye town,Huye,Huye,29.75,-2.6,house,,yes,,no,,,,,,,five,decrease,4/30/2014,no,,aroundcamp,In the camp,no,,no,financing,,remittances,,no,,I hope to have developed,monthly,monthly,commbank,yes,1/21/2017,bes1830@rit.edu_RITArcGIS,1/21/2017,bes1830@rit.edu_RITArcGIS,29.85071,-2.67612,61,1c6bdeed-bdd5-4e9d-9b7e-23b599f0313b,firewood,,Insufficient capital,1/21/2017,bes1830@rit.edu_RITArcGIS,1/21/2017,bes1830@rit.edu_RITArcGIS
114,e9139f16-c833-4bea-9a23-bd846dc323ad,3c7cb929-6c03-40be-83c7-ff9662b569ea,3c7cb929-6c03-40be-83c7-ff9662b569ea,mugombwa,1,noemploy,,20,general,average,good,Kabuga trading center,Kabuga,Kabuga,30.229524,-1.975726,house,,yes,,yes,I work as aguard at school,,,security,,less,five,increased,########,yes,4,aroundcamp,In the camp,no,,no,financing,,mobilemoney,,no,,My business will increase,monthly,monthly,mobile,yes,1/21/2017,bes1830@rit.edu_RITArcGIS,1/21/2017,bes1830@rit.edu_RITArcGIS,29.86596,-2.69482,62,daf06b13-d014-4c53-80c6-956a97190954,other,All goods will be supplied,,1/21/2017,bes1830@rit.edu_RITArcGIS,1/21/2017,bes1830@rit.edu_RITArcGIS
115,5ad10589-db6e-45f6-876b-955dafddd0e3,40acd1f8-fc0f-4066-80c9-729f43b9fc94,40acd1f8-fc0f-4066-80c9-729f43b9fc94,mugombwa,1,noemploy,,30,general,average,good,Kabuga whole Sellers,Kabuga,Kabuga,30.229524,-1.975726,house,,yes,,no,,,,,,,five,increased,7/31/2016,no,,aroundcamp,In the camp,yes,Because of variety of commodities,no,financing,,mobilemoney,,no,,I hope to be a supplier to other traders,weekly,monthly,mobile,yes,1/21/2017,bes1830@rit.edu_RITArcGIS,1/21/2017,bes1830@rit.edu_RITArcGIS,29.85104,-2.67708,63,f325dd53-8efc-47db-9f88-c8344f2273cb,other,All could be supplied without hindrance,,1/21/2017,bes1830@rit.edu_RITArcGIS,1/21/2017,bes1830@rit.edu_RITArcGIS
116,80bc286e-265d-417f-8679-7f87e2973ec8,71b8d9f8-b51e-4cdb-8265-ffe0c3f435aa,71b8d9f8-b51e-4cdb-8265-ffe0c3f435aa,mugombwa,1,noemploy,,35,general,poor,good,Kabuga trading center,Kabuga,Kabuga,30.229524,-1.975726,house,,yes,,yes,In the camp salon,,,other,Barber,less,four,increased,6/4/2014,no,,aroundcamp,In the camp,yes,Good customer care,no,financing,,remittances,,no,,It will be well developed,daily,monthly,saco,yes,1/21/2017,bes1830@rit.edu_RITArcGIS,1/21/2017,bes1830@rit.edu_RITArcGIS,29.84957,-2.67495,64,8f29e03a-ccab-4d7b-9896-366f9887d088,firewood,,Insufficient capital,1/21/2017,bes1830@rit.edu_RITArcGIS,1/21/2017,bes1830@rit.edu_RITArcGIS
117,d731db60-1753-4471-9e96-5a83216c698b,af4f4a5f-e270-4e78-b528-f2e06b4c4ddb,af4f4a5f-e270-4e78-b528-f2e06b4c4ddb,mugombwa,1,noemploy,,20,general,poor,good,Huye town,Huye,Huye,29.75,-2.6,house,,yes,,no,,,,,,,five,increased,4/19/2014,no,,aroundcamp,In the camp,yes,Because of good customer care,no,financing,,remittances,,no,,I hope to be a whole seller,weekly,monthly,saco,yes,1/21/2017,bes1830@rit.edu_RITArcGIS,1/21/2017,bes1830@rit.edu_RITArcGIS,29.85275,-2.67862,65,7332926e-89fd-4f73-92b1-eaa55bd786e8,firewood,,Because of insufficient capital,1/21/2017,bes1830@rit.edu_RITArcGIS,1/21/2017,bes1830@rit.edu_RITArcGIS
118,303584d6-83c4-4f7e-9676-d247c4099876,795d837c-3e4e-415d-8a5a-2209353594e0,795d837c-3e4e-415d-8a5a-2209353594e0,kigeme,1,noemploy,,12,"business,restaurant",good,good,kigeme,KigemeTown,Kigeme,29.527007,-2.484313,house,,yes,,no,,,,,,,two,increased,########,,,aroundcamp,in village,yes,,no,"financing,training",,underbed,,no,,increase,daily,monthly,nobank,yes,1/26/2017,ser4139@rit.edu_RITArcGIS,1/26/2017,ser4139@rit.edu_RITArcGIS,29.51313,-2.49161,66,114942cd-5b08-43a8-af16-45e7aa9f5249,,,small capital,1/26/2017,ser4139@rit.edu_RITArcGIS,1/26/2017,ser4139@rit.edu_RITArcGIS
119,fa2239a7-3307-434f-b868-36d376b6b489,7853cbed-e913-4a5c-a309-5a4ac8df1867,7853cbed-e913-4a5c-a309-5a4ac8df1867,kigeme,1,noemploy,,10,"business,general",average,good,gas arena,Gasarenda,Gasarenda,29.481358,-2.503111,house,,yes,,no,,,,,,,three,increased,########,,,districtonly,,no,,no,"financing,training",,"underbed,mobilemoney",,no,,increase,monthly,monthly,mobile,yes,1/26/2017,ser4139@rit.edu_RITArcGIS,1/26/2017,ser4139@rit.edu_RITArcGIS,78.37012,90,67,142fbc53-cf41-495f-ba4c-e55adedb140e,,,small capital,1/26/2017,ser4139@rit.edu_RITArcGIS,1/26/2017,ser4139@rit.edu_RITArcGIS
120,b9c084fe-baed-4fae-a5db-33c4c6a2f80e,1158e02d-a1a6-4e3c-a85a-26fa1e68fae1,1158e02d-a1a6-4e3c-a85a-26fa1e68fae1,kigeme,1,noemploy,,20,"clothing,general",good,good,nyamagabe,Nyamagabe,Nyamagabe,29.466667,-2.4,house,,yes,,no,,,,,,,two,increased,########,,,districtonly,,yes,,yes,"training,financing",,mobilemoney,,no,,increase,weekly,monthly,"mobile,saco",yes,1/26/2017,ser4139@rit.edu_RITArcGIS,1/26/2017,ser4139@rit.edu_RITArcGIS,29.51313,-2.49161,68,e6523dc1-87e5-4b8d-815b-64859bd54e8b,,,small capital,1/26/2017,ser4139@rit.edu_RITArcGIS,1/26/2017,ser4139@rit.edu_RITArcGIS
121,e1c1fd36-ec71-43ea-bc95-6d81fb07a140,125bdca3-e748-43a9-8983-c13a6781a455,125bdca3-e748-43a9-8983-c13a6781a455,kigeme,1,noemploy,,8,restaurant,average,good,kigeme,KigemeTown,Kigeme,29.527007,-2.484313,house,,yes,,no,,,,,,,five,decrease,2/15/2016,,,aroundcamp,everywhere,yes,,no,"financing,training",,mobilemoney,,no,,increase,daily,monthly,mobile,yes,1/26/2017,ser4139@rit.edu_RITArcGIS,1/26/2017,ser4139@rit.edu_RITArcGIS,-118.214,-85.0508,69,8cb5a9c1-aff3-4ebb-9c17-38fe25988c3b,,,small capital,1/26/2017,ser4139@rit.edu_RITArcGIS,1/26/2017,ser4139@rit.edu_RITArcGIS
122,487c291e-7913-4b28-abdc-dfc6103e95a5,12ae7881-8bb1-49cd-baf6-25066025791f,12ae7881-8bb1-49cd-baf6-25066025791f,kigeme,1,noemploy,,130,"general,restaurant",good,good,nyamagabe andgasa renda,"Nyamagabe,Gasarenda","Nyamagabe,Gasarenda","29.466667, 29.481358","-2.4, -2.503111","formal,house",,yes,,no,,,,,,,four,increased,6/15/2010,,,districtonly,,yes,because we are in cooperative,yes,financing,,"underbed,other",cooperative,no,because of small capital,it will increase,weekly,monthly,saco,yes,1/26/2017,ser4139@rit.edu_RITArcGIS,1/26/2017,ser4139@rit.edu_RITArcGIS,29.51313,-2.49161,70,22aad23c-05be-4e97-93a3-c1cc7b44d746,,,because of small capital,1/26/2017,ser4139@rit.edu_RITArcGIS,1/26/2017,ser4139@rit.edu_RITArcGIS
123,9db8baba-3e19-4958-85c2-470d7759a348,1950cac6-1245-4767-8528-c34eb80d79c2,1950cac6-1245-4767-8528-c34eb80d79c2,kigeme,1,noemploy,,100,"grocery,business,general",good,good,gas arena,Gasarenda,Gasarenda,29.481358,-2.503111,house,,yes,,no,,,,,,,zero,increased,########,,,aroundcamp,in the camp,yes,,no,"financing,training",,mobilemoney,,yes,,increase,monthly,monthly,mobile,yes,1/26/2017,ser4139@rit.edu_RITArcGIS,1/26/2017,ser4139@rit.edu_RITArcGIS,29.51313,-2.49161,71,134560b5-a7d1-494f-a647-5107aa32f476,,,because of small capital,1/26/2017,ser4139@rit.edu_RITArcGIS,1/26/2017,ser4139@rit.edu_RITArcGIS
124,8f9da1e9-4921-48ee-ba0b-55f7b86325d7,b7d70402-4819-4bd9-8995-eddd8019b5e8,b7d70402-4819-4bd9-8995-eddd8019b5e8,kigeme,110,noemploy,,10,butcher,good,good,g a sarenda,Gasarenda,Gasarenda,29.481358,-2.503111,house,,yes,,no,,,,,,,five,increased,########,,,aroundcamp,in the camp,yes,,no,"financing,training",,"mobilemoney,other",cooperative,no,Imone,increase,monthly,frequent,mobile,yes,1/26/2017,ser4139@rit.edu_RITArcGIS,1/26/2017,ser4139@rit.edu_RITArcGIS,-128.093,-85.0498,72,9f21e6cd-0876-4412-bec9-f00ca521eafa,,,because of small capital,1/26/2017,ser4139@rit.edu_RITArcGIS,1/26/2017,ser4139@rit.edu_RITArcGIS
125,b2b5ea40-b9cf-49a4-b50f-2b7b17e91783,ef650f3b-1200-40f7-9e56-87e0dcb1eaaf,ef650f3b-1200-40f7-9e56-87e0dcb1eaaf,kigeme,12,yesother,11,10,grocery,good,good,Huye,Huye,Huye,29.75,-2.6,formal,,yes,,no,,,,,,,five,increased,########,,,districtonly,,yes,cash,yes,financing,,mobilemoney,,no,,increase,daily,daily,"mobile,commbank",yes,1/26/2017,ser4139@rit.edu_RITArcGIS,1/26/2017,ser4139@rit.edu_RITArcGIS,29.51325,-2.49127,73,877ed06f-f7e5-455a-b54d-5af243df4de3,,,because capital,1/26/2017,ser4139@rit.edu_RITArcGIS,1/26/2017,ser4139@rit.edu_RITArcGIS
126,c38efc70-def8-4793-9f90-58e13af44058,54bbcef9-5157-448a-a963-a0f7759ed772,54bbcef9-5157-448a-a963-a0f7759ed772,kigeme,5,yesother,4,100,"general,grocery,business",good,good,kigali,Kigali,Kigali,30.059444,-1.943889,formal,,yes,,no,,,,,,,zero,increased,7/7/2014,,,aroundcamp,from everywhere,yes,new year,yes,"financing,training",,mobilemoney,,yes,,outside the camp in a local village,monthly,daily,"commbank,saco,mobile",yes,1/26/2017,ser4139@rit.edu_RITArcGIS,1/26/2017,ser4139@rit.edu_RITArcGIS,29.51313,-2.49161,74,05ceb8a3-7399-403a-8af8-e980f085fa11,,,the lost of capital,1/26/2017,ser4139@rit.edu_RITArcGIS,1/26/2017,ser4139@rit.edu_RITArcGIS
127,fb29c2cd-0395-4198-80ae-2cf1151901e1,8e426352-423f-40e5-85f2-c0347a38339f,8e426352-423f-40e5-85f2-c0347a38339f,mugombwa,1,noemploy,,15,hair,good,average,Butare,Huye,Huye,29.75,-2.6,nosell,,yes,,no,,,,,,,three,unsure,3/30/2013,no,,aroundcamp,everywhere,no,,no,financing,,mobilemoney,,no,N/A,he doesn't plan to continue the business for 5 years,daily,daily,mobile,no,1/26/2017,ser4139@rit.edu_RITArcGIS,1/26/2017,ser4139@rit.edu_RITArcGIS,29.85135,-2.67485,75,453a0af4-5dc4-4a7c-a9da-937a6baf1a95,other,,said if they are given money they cannot supply their goods,1/26/2017,ser4139@rit.edu_RITArcGIS,1/26/2017,ser4139@rit.edu_RITArcGIS
